{"__symbolic":"module","version":4,"metadata":{"EditorOptions":{"__symbolic":"interface"},"DiffEditorOptions":{"__symbolic":"interface"},"JoinedEditorOptions":{"__symbolic":"interface"},"NzEditorMode":{"__symbolic":"interface"},"NzCodeEditorLoadingStatus":{"UNLOAD":"unload","LOADING":"loading","LOADED":"LOADED"},"NzCodeEditorConfig":{"__symbolic":"interface"},"NZ_CODE_EDITOR_CONFIG":{"__symbolic":"new","expression":{"__symbolic":"reference","module":"@angular/core","name":"InjectionToken","line":36,"character":41},"arguments":["nz-code-editor-config",{"providedIn":"root","factory":{"__symbolic":"reference","name":"NZ_CODE_EDITOR_CONFIG_FACTORY"}}]},"NZ_CODE_EDITOR_CONFIG_FACTORY":{"__symbolic":"function","parameters":[],"value":{}},"NzCodeEditorComponent":{"__symbolic":"class","decorators":[{"__symbolic":"call","expression":{"__symbolic":"reference","module":"@angular/core","name":"Component","line":40,"character":1},"arguments":[{"changeDetection":{"__symbolic":"select","expression":{"__symbolic":"reference","module":"@angular/core","name":"ChangeDetectionStrategy","line":41,"character":19},"member":"OnPush"},"encapsulation":{"__symbolic":"select","expression":{"__symbolic":"reference","module":"@angular/core","name":"ViewEncapsulation","line":42,"character":17},"member":"None"},"selector":"nz-code-editor","exportAs":"nzCodeEditor","host":{"[class.ant-code-editor]":"true","$quoted$":["[class.ant-code-editor]"]},"providers":[{"provide":{"__symbolic":"reference","module":"@angular/forms","name":"NG_VALUE_ACCESSOR","line":51,"character":15},"useExisting":{"__symbolic":"reference","name":"NzCodeEditorComponent"},"multi":true}],"template":"<div class=\"ant-code-editor-loading\" *ngIf=\"nzLoading\">\n  <nz-spin></nz-spin>\n</div>\n\n<div class=\"ant-code-editor-toolkit\" *ngIf=\"nzToolkit\">\n  <ng-template [ngTemplateOutlet]=\"nzToolkit\"></ng-template>\n</div>\n"}]}],"members":{"nzEditorMode":[{"__symbolic":"property","decorators":[{"__symbolic":"call","expression":{"__symbolic":"reference","module":"@angular/core","name":"Input","line":58,"character":3}}]}],"nzOriginalText":[{"__symbolic":"property","decorators":[{"__symbolic":"call","expression":{"__symbolic":"reference","module":"@angular/core","name":"Input","line":59,"character":3}}]}],"nzLoading":[{"__symbolic":"property","decorators":[{"__symbolic":"call","expression":{"__symbolic":"reference","module":"@angular/core","name":"Input","line":60,"character":3}},{"__symbolic":"call","expression":{"__symbolic":"reference","module":"ng-zorro-antd/core","name":"InputBoolean","line":60,"character":12}}]}],"nzFullControl":[{"__symbolic":"property","decorators":[{"__symbolic":"call","expression":{"__symbolic":"reference","module":"@angular/core","name":"Input","line":61,"character":3}},{"__symbolic":"call","expression":{"__symbolic":"reference","module":"ng-zorro-antd/core","name":"InputBoolean","line":61,"character":12}}]}],"nzToolkit":[{"__symbolic":"property","decorators":[{"__symbolic":"call","expression":{"__symbolic":"reference","module":"@angular/core","name":"Input","line":62,"character":3}}]}],"nzEditorOption":[{"__symbolic":"property","decorators":[{"__symbolic":"call","expression":{"__symbolic":"reference","module":"@angular/core","name":"Input","line":64,"character":3}}]}],"nzEditorInitialized":[{"__symbolic":"property","decorators":[{"__symbolic":"call","expression":{"__symbolic":"reference","module":"@angular/core","name":"Output","line":68,"character":3}}]}],"__ctor__":[{"__symbolic":"constructor","parameters":[{"__symbolic":"reference","name":"NzCodeEditorService"},{"__symbolic":"reference","module":"@angular/core","name":"NgZone","line":80,"character":80},{"__symbolic":"reference","module":"@angular/core","name":"ElementRef","line":80,"character":100}]}],"ngAfterViewInit":[{"__symbolic":"method"}],"ngOnDestroy":[{"__symbolic":"method"}],"writeValue":[{"__symbolic":"method"}],"registerOnChange":[{"__symbolic":"method"}],"registerOnTouched":[{"__symbolic":"method"}],"onChange":[{"__symbolic":"method"}],"onTouch":[{"__symbolic":"method"}],"layout":[{"__symbolic":"method"}],"setup":[{"__symbolic":"method"}],"registerOptionChanges":[{"__symbolic":"method"}],"initMonacoEditorInstance":[{"__symbolic":"method"}],"registerResizeChange":[{"__symbolic":"method"}],"setValue":[{"__symbolic":"method"}],"setValueEmitter":[{"__symbolic":"method"}],"emitValue":[{"__symbolic":"method"}],"updateOptionToMonaco":[{"__symbolic":"method"}]}},"NzCodeEditorModule":{"__symbolic":"class","decorators":[{"__symbolic":"call","expression":{"__symbolic":"reference","module":"@angular/core","name":"NgModule","line":16,"character":1},"arguments":[{"declarations":[{"__symbolic":"reference","name":"NzCodeEditorComponent"}],"imports":[{"__symbolic":"reference","module":"@angular/common","name":"CommonModule","line":18,"character":12},{"__symbolic":"reference","module":"ng-zorro-antd/icon","name":"NzIconModule","line":18,"character":26},{"__symbolic":"reference","module":"ng-zorro-antd/spin","name":"NzSpinModule","line":18,"character":40}],"exports":[{"__symbolic":"reference","name":"NzCodeEditorComponent"}]}]}],"members":{}},"NzCodeEditorService":{"__symbolic":"class","decorators":[{"__symbolic":"call","expression":{"__symbolic":"reference","module":"@angular/core","name":"Injectable","line":36,"character":1},"arguments":[{"providedIn":"root"}]}],"members":{"__ctor__":[{"__symbolic":"constructor","parameterDecorators":[null,[{"__symbolic":"call","expression":{"__symbolic":"reference","module":"@angular/core","name":"Inject","line":51,"character":5},"arguments":[{"__symbolic":"reference","module":"@angular/common","name":"DOCUMENT","line":51,"character":12}]}],[{"__symbolic":"call","expression":{"__symbolic":"reference","module":"@angular/core","name":"Inject","line":52,"character":5},"arguments":[{"__symbolic":"reference","name":"NZ_CODE_EDITOR_CONFIG"}]},{"__symbolic":"call","expression":{"__symbolic":"reference","module":"@angular/core","name":"Optional","line":52,"character":36}}]],"parameters":[{"__symbolic":"reference","module":"ng-zorro-antd/core","name":"NzConfigService","line":50,"character":38},{"__symbolic":"reference","name":"any"},{"__symbolic":"reference","name":"NzCodeEditorConfig"}]}],"updateDefaultOption":[{"__symbolic":"method"}],"_updateDefaultOption":[{"__symbolic":"method"}],"requestToInit":[{"__symbolic":"method"}],"loadMonacoScript":[{"__symbolic":"method"}],"onLoad":[{"__symbolic":"method"}],"onInit":[{"__symbolic":"method"}],"getLatestOption":[{"__symbolic":"method"}]},"statics":{"ngInjectableDef":{}}}},"origins":{"EditorOptions":"./nz-code-editor.definitions","DiffEditorOptions":"./nz-code-editor.definitions","JoinedEditorOptions":"./nz-code-editor.definitions","NzEditorMode":"./nz-code-editor.definitions","NzCodeEditorLoadingStatus":"./nz-code-editor.definitions","NzCodeEditorConfig":"./nz-code-editor.definitions","NZ_CODE_EDITOR_CONFIG":"./nz-code-editor.definitions","NZ_CODE_EDITOR_CONFIG_FACTORY":"./nz-code-editor.definitions","NzCodeEditorComponent":"./nz-code-editor.component","NzCodeEditorModule":"./nz-code-editor.module","NzCodeEditorService":"./nz-code-editor.service"},"importAs":"ng-zorro-antd/code-editor"}