{"__symbolic":"module","version":4,"metadata":{"NzAddOnModule":{"__symbolic":"class","decorators":[{"__symbolic":"call","expression":{"__symbolic":"reference","module":"@angular/core","name":"NgModule","line":13,"character":1},"arguments":[{"imports":[{"__symbolic":"reference","module":"@angular/common","name":"CommonModule","line":14,"character":12}],"exports":[{"__symbolic":"reference","name":"NzStringTemplateOutletDirective"},{"__symbolic":"reference","name":"NzClassListAddDirective"}],"declarations":[{"__symbolic":"reference","name":"NzStringTemplateOutletDirective"},{"__symbolic":"reference","name":"NzClassListAddDirective"}]}]}],"members":{}},"NzClassListAddDirective":{"__symbolic":"class","decorators":[{"__symbolic":"call","expression":{"__symbolic":"reference","module":"@angular/core","name":"Directive","line":10,"character":1},"arguments":[{"selector":"[nzClassListAdd]","exportAs":"nzClassListAdd"}]}],"members":{"nzClassListAdd":[{"__symbolic":"property","decorators":[{"__symbolic":"call","expression":{"__symbolic":"reference","module":"@angular/core","name":"Input","line":17,"character":3}}]}],"__ctor__":[{"__symbolic":"constructor","parameters":[{"__symbolic":"reference","module":"@angular/core","name":"ElementRef","line":28,"character":34},{"__symbolic":"reference","module":"@angular/core","name":"Renderer2","line":28,"character":64}]}]}},"NzStringTemplateOutletDirective":{"__symbolic":"class","decorators":[{"__symbolic":"call","expression":{"__symbolic":"reference","module":"@angular/core","name":"Directive","line":19,"character":1},"arguments":[{"selector":"[nzStringTemplateOutlet]","exportAs":"nzStringTemplateOutlet"}]}],"members":{"nzStringTemplateOutletContext":[{"__symbolic":"property","decorators":[{"__symbolic":"call","expression":{"__symbolic":"reference","module":"@angular/core","name":"Input","line":31,"character":3}}]}],"nzStringTemplateOutlet":[{"__symbolic":"property","decorators":[{"__symbolic":"call","expression":{"__symbolic":"reference","module":"@angular/core","name":"Input","line":33,"character":3}}]}],"recreateView":[{"__symbolic":"method"}],"getType":[{"__symbolic":"method"}],"shouldRecreateView":[{"__symbolic":"method"}],"hasContextShapeChanged":[{"__symbolic":"method"}],"updateExistingContext":[{"__symbolic":"method"}],"__ctor__":[{"__symbolic":"constructor","parameters":[{"__symbolic":"reference","module":"@angular/core","name":"ViewContainerRef","line":118,"character":37},{"__symbolic":"reference","name":"TemplateRef","module":"@angular/core","arguments":[{"__symbolic":"error","message":"Expression form not supported","line":118,"character":92,"module":"./string_template_outlet"}]}]}],"ngOnChanges":[{"__symbolic":"method"}]}}},"origins":{"NzAddOnModule":"./addon.module","NzClassListAddDirective":"./classlist_add","NzStringTemplateOutletDirective":"./string_template_outlet"},"importAs":"ng-zorro-antd/core/addon"}