{"__symbolic":"module","version":4,"metadata":{"NzCascaderExpandTrigger":{"__symbolic":"interface"},"NzCascaderTriggerType":{"__symbolic":"interface"},"NzCascaderSize":{"__symbolic":"interface"},"NzCascaderFilter":{"__symbolic":"interface"},"NzCascaderSorter":{"__symbolic":"interface"},"CascaderOption":{"__symbolic":"interface"},"NzCascaderOption":{"__symbolic":"interface"},"CascaderSearchOption":{"__symbolic":"interface"},"NzCascaderSearchOption":{"__symbolic":"interface"},"NzShowSearchOptions":{"__symbolic":"interface"},"isShowSearchObject":{"__symbolic":"function","parameters":["options"],"value":{"__symbolic":"binop","operator":"!==","left":{"__symbolic":"error","message":"Expression form not supported","line":48,"character":9,"module":"./nz-cascader-definitions"},"right":"boolean"}},"NzCascaderComponentAsSource":{"__symbolic":"interface"},"isChildOption":{"__symbolic":"function","parameters":["o"],"value":{"__symbolic":"binop","operator":"||","left":{"__symbolic":"binop","operator":"||","left":{"__symbolic":"select","expression":{"__symbolic":"reference","name":"o"},"member":"isLeaf"},"right":{"__symbolic":"pre","operator":"!","operand":{"__symbolic":"select","expression":{"__symbolic":"reference","name":"o"},"member":"children"}}},"right":{"__symbolic":"pre","operator":"!","operand":{"__symbolic":"select","expression":{"__symbolic":"select","expression":{"__symbolic":"reference","name":"o"},"member":"children"},"member":"length"}}}},"isParentOption":{"__symbolic":"function","parameters":["o"],"value":{"__symbolic":"binop","operator":"&&","left":{"__symbolic":"binop","operator":"&&","left":{"__symbolic":"pre","operator":"!","operand":{"__symbolic":"pre","operator":"!","operand":{"__symbolic":"select","expression":{"__symbolic":"reference","name":"o"},"member":"children"}}},"right":{"__symbolic":"pre","operator":"!","operand":{"__symbolic":"pre","operator":"!","operand":{"__symbolic":"select","expression":{"__symbolic":"select","expression":{"__symbolic":"reference","name":"o"},"member":"children"},"member":"length"}}}},"right":{"__symbolic":"pre","operator":"!","operand":{"__symbolic":"select","expression":{"__symbolic":"reference","name":"o"},"member":"isLeaf"}}}},"NzCascaderComponent":{"__symbolic":"class","decorators":[{"__symbolic":"call","expression":{"__symbolic":"reference","module":"@angular/core","name":"Component","line":64,"character":1},"arguments":[{"changeDetection":{"__symbolic":"select","expression":{"__symbolic":"reference","module":"@angular/core","name":"ChangeDetectionStrategy","line":65,"character":19},"member":"OnPush"},"encapsulation":{"__symbolic":"select","expression":{"__symbolic":"reference","module":"@angular/core","name":"ViewEncapsulation","line":66,"character":17},"member":"None"},"selector":"nz-cascader, [nz-cascader]","exportAs":"nzCascader","preserveWhitespaces":false,"animations":[{"__symbolic":"reference","module":"ng-zorro-antd/core","name":"slideMotion","line":71,"character":15}],"providers":[{"provide":{"__symbolic":"reference","module":"@angular/forms","name":"NG_VALUE_ACCESSOR","line":74,"character":15},"useExisting":{"__symbolic":"reference","name":"NzCascaderComponent"},"multi":true},{"__symbolic":"reference","name":"NzCascaderService"}],"host":{"[attr.tabIndex]":"\"0\"","[class.ant-cascader-lg]":"nzSize === \"large\"","[class.ant-cascader-sm]":"nzSize === \"small\"","[class.ant-cascader-picker-disabled]":"nzDisabled","[class.ant-cascader-picker-open]":"menuVisible","[class.ant-cascader-picker-with-value]":"!!inputValue","[class.ant-cascader-focused]":"isFocused","$quoted$":["[attr.tabIndex]","[class.ant-cascader-lg]","[class.ant-cascader-sm]","[class.ant-cascader-picker-disabled]","[class.ant-cascader-picker-open]","[class.ant-cascader-picker-with-value]","[class.ant-cascader-focused]"]},"styles":["\n      .ant-cascader-menus {\n        margin-top: 4px;\n        margin-bottom: 4px;\n        top: 100%;\n        left: 0;\n        position: relative;\n        width: 100%;\n      }\n    "],"template":"<div\n  cdkOverlayOrigin\n  #origin=\"cdkOverlayOrigin\"\n  #trigger>\n  <div *ngIf=\"nzShowInput\">\n    <input\n      #input\n      nz-input\n      class=\"ant-cascader-input\"\n      [class.ant-cascader-input-disabled]=\"nzDisabled\"\n      [class.ant-cascader-input-lg]=\"nzSize === 'large'\"\n      [class.ant-cascader-input-sm]=\"nzSize === 'small'\"\n      [attr.autoComplete]=\"'off'\"\n      [attr.placeholder]=\"showPlaceholder ? (nzPlaceHolder || locale?.placeholder ) : null\"\n      [attr.autofocus]=\"nzAutoFocus ? 'autofocus' : null\"\n      [readonly]=\"!nzShowSearch\"\n      [disabled]=\"nzDisabled\"\n      [nzSize]=\"nzSize\"\n      [(ngModel)]=\"inputValue\"\n      (blur)=\"handleInputBlur()\"\n      (focus)=\"handleInputFocus()\"\n      (change)=\"$event.stopPropagation()\">\n    <i *ngIf=\"clearIconVisible\"\n      nz-icon\n      nzType=\"close-circle\"\n      nzTheme=\"fill\"\n      class=\"ant-cascader-picker-clear\"\n      (click)=\"clearSelection($event)\"></i>\n    <i *ngIf=\"nzShowArrow && !isLoading\"\n      nz-icon\n      nzType=\"down\"\n      class=\"ant-cascader-picker-arrow\"\n      [class.ant-cascader-picker-arrow-expand]=\"menuVisible\">\n    </i>\n    <i *ngIf=\"isLoading\" nz-icon nzType=\"loading\" class=\"ant-cascader-picker-arrow\"></i>\n    <span\n      class=\"ant-cascader-picker-label\"\n      [class.ant-cascader-show-search]=\"!!nzShowSearch\"\n      [class.ant-focusd]=\"!!nzShowSearch && isFocused && !inputValue\">\n      <ng-container *ngIf=\"!isLabelRenderTemplate; else labelTemplate\">{{ labelRenderText }}</ng-container>\n      <ng-template #labelTemplate>\n        <ng-template [ngTemplateOutlet]=\"nzLabelRender\" [ngTemplateOutletContext]=\"labelRenderContext\"></ng-template>\n      </ng-template>\n    </span>\n  </div>\n  <ng-content></ng-content>\n</div>\n<ng-template\n  cdkConnectedOverlay\n  nzConnectedOverlay\n  cdkConnectedOverlayHasBackdrop\n  [cdkConnectedOverlayOrigin]=\"origin\"\n  [cdkConnectedOverlayPositions]=\"positions\"\n  (backdropClick)=\"closeMenu()\"\n  (detach)=\"closeMenu()\"\n  (positionChange)=\"onPositionChange($event)\"\n  [cdkConnectedOverlayOpen]=\"menuVisible\">\n  <div\n    #menu\n    class=\"ant-cascader-menus\"\n    *ngIf=\"nzOptions && nzOptions.length || inSearchingMode\"\n    [class.ant-cascader-menus-hidden]=\"!menuVisible\"\n    [ngClass]=\"menuCls\"\n    [ngStyle]=\"nzMenuStyle\"\n    [@.disabled]=\"noAnimation?.nzNoAnimation\"\n    [nzNoAnimation]=\"noAnimation?.nzNoAnimation\"\n    [@slideMotion]=\"dropDownPosition\"\n    (mouseleave)=\"onTriggerMouseLeave($event)\">\n    <ul *ngFor=\"let options of cascaderService.columns; let i = index;\" class=\"ant-cascader-menu\"\n      [ngClass]=\"menuColumnCls\"\n      [style.height]=\"inSearchingMode && !cascaderService.columns[0].length ? 'auto': ''\"\n      [style.width]=\"dropdownWidthStyle\">\n      <li\n        nz-cascader-option\n        *ngFor=\"let option of options\"\n        [columnIndex]=\"i\"\n        [nzLabelProperty]=\"nzLabelProperty\"\n        [optionTemplate]=\"nzOptionRender\"\n        [activated]=\"isOptionActivated(option, i)\"\n        [highlightText]=\"inSearchingMode ? inputValue : ''\"\n        [option]=\"option\"\n        (mouseenter)=\"onOptionMouseEnter(option, i, $event)\"\n        (mouseleave)=\"onOptionMouseLeave(option, i, $event)\"\n        (click)=\"onOptionClick(option, i, $event)\">\n      </li>\n      <li *ngIf=\"inSearchingMode && !cascaderService.columns[0].length\"\n        class=\"ant-cascader-menu-item ant-cascader-menu-item-expanded ant-cascader-menu-item-disabled\">\n        <nz-embed-empty [nzComponentName]=\"'cascader'\" [specificContent]=\"nzNotFoundContent\"></nz-embed-empty>\n      </li>\n    </ul>\n  </div>\n</ng-template>\n"}]}],"members":{"input":[{"__symbolic":"property","decorators":[{"__symbolic":"call","expression":{"__symbolic":"reference","module":"@angular/core","name":"ViewChild","line":103,"character":3},"arguments":["input",{"static":false}]}]}],"menu":[{"__symbolic":"property","decorators":[{"__symbolic":"call","expression":{"__symbolic":"reference","module":"@angular/core","name":"ViewChild","line":104,"character":3},"arguments":["menu",{"static":false}]}]}],"overlay":[{"__symbolic":"property","decorators":[{"__symbolic":"call","expression":{"__symbolic":"reference","module":"@angular/core","name":"ViewChild","line":105,"character":3},"arguments":[{"__symbolic":"reference","module":"@angular/cdk/overlay","name":"CdkConnectedOverlay","line":105,"character":13},{"static":false}]}]}],"cascaderItems":[{"__symbolic":"property","decorators":[{"__symbolic":"call","expression":{"__symbolic":"reference","module":"@angular/core","name":"ViewChildren","line":106,"character":3},"arguments":[{"__symbolic":"reference","name":"NzCascaderOptionComponent"}]}]}],"nzOptionRender":[{"__symbolic":"property","decorators":[{"__symbolic":"call","expression":{"__symbolic":"reference","module":"@angular/core","name":"Input","line":108,"character":3}}]}],"nzShowInput":[{"__symbolic":"property","decorators":[{"__symbolic":"call","expression":{"__symbolic":"reference","module":"@angular/core","name":"Input","line":109,"character":3}},{"__symbolic":"call","expression":{"__symbolic":"reference","module":"ng-zorro-antd/core","name":"InputBoolean","line":109,"character":12}}]}],"nzShowArrow":[{"__symbolic":"property","decorators":[{"__symbolic":"call","expression":{"__symbolic":"reference","module":"@angular/core","name":"Input","line":110,"character":3}},{"__symbolic":"call","expression":{"__symbolic":"reference","module":"ng-zorro-antd/core","name":"InputBoolean","line":110,"character":12}}]}],"nzAllowClear":[{"__symbolic":"property","decorators":[{"__symbolic":"call","expression":{"__symbolic":"reference","module":"@angular/core","name":"Input","line":111,"character":3}},{"__symbolic":"call","expression":{"__symbolic":"reference","module":"ng-zorro-antd/core","name":"InputBoolean","line":111,"character":12}}]}],"nzAutoFocus":[{"__symbolic":"property","decorators":[{"__symbolic":"call","expression":{"__symbolic":"reference","module":"@angular/core","name":"Input","line":112,"character":3}},{"__symbolic":"call","expression":{"__symbolic":"reference","module":"ng-zorro-antd/core","name":"InputBoolean","line":112,"character":12}}]}],"nzChangeOnSelect":[{"__symbolic":"property","decorators":[{"__symbolic":"call","expression":{"__symbolic":"reference","module":"@angular/core","name":"Input","line":113,"character":3}},{"__symbolic":"call","expression":{"__symbolic":"reference","module":"ng-zorro-antd/core","name":"InputBoolean","line":113,"character":12}}]}],"nzDisabled":[{"__symbolic":"property","decorators":[{"__symbolic":"call","expression":{"__symbolic":"reference","module":"@angular/core","name":"Input","line":114,"character":3}},{"__symbolic":"call","expression":{"__symbolic":"reference","module":"ng-zorro-antd/core","name":"InputBoolean","line":114,"character":12}}]}],"nzColumnClassName":[{"__symbolic":"property","decorators":[{"__symbolic":"call","expression":{"__symbolic":"reference","module":"@angular/core","name":"Input","line":115,"character":3}}]}],"nzExpandTrigger":[{"__symbolic":"property","decorators":[{"__symbolic":"call","expression":{"__symbolic":"reference","module":"@angular/core","name":"Input","line":116,"character":3}}]}],"nzValueProperty":[{"__symbolic":"property","decorators":[{"__symbolic":"call","expression":{"__symbolic":"reference","module":"@angular/core","name":"Input","line":117,"character":3}}]}],"nzLabelRender":[{"__symbolic":"property","decorators":[{"__symbolic":"call","expression":{"__symbolic":"reference","module":"@angular/core","name":"Input","line":118,"character":3}}]}],"nzLabelProperty":[{"__symbolic":"property","decorators":[{"__symbolic":"call","expression":{"__symbolic":"reference","module":"@angular/core","name":"Input","line":119,"character":3}}]}],"nzNotFoundContent":[{"__symbolic":"property","decorators":[{"__symbolic":"call","expression":{"__symbolic":"reference","module":"@angular/core","name":"Input","line":120,"character":3}}]}],"nzSize":[{"__symbolic":"property","decorators":[{"__symbolic":"call","expression":{"__symbolic":"reference","module":"@angular/core","name":"Input","line":121,"character":3}},{"__symbolic":"call","expression":{"__symbolic":"reference","module":"ng-zorro-antd/core","name":"WithConfig","line":121,"character":12},"arguments":["cascader","default"]}]}],"nzShowSearch":[{"__symbolic":"property","decorators":[{"__symbolic":"call","expression":{"__symbolic":"reference","module":"@angular/core","name":"Input","line":122,"character":3}}]}],"nzPlaceHolder":[{"__symbolic":"property","decorators":[{"__symbolic":"call","expression":{"__symbolic":"reference","module":"@angular/core","name":"Input","line":123,"character":3}}]}],"nzMenuClassName":[{"__symbolic":"property","decorators":[{"__symbolic":"call","expression":{"__symbolic":"reference","module":"@angular/core","name":"Input","line":124,"character":3}}]}],"nzMenuStyle":[{"__symbolic":"property","decorators":[{"__symbolic":"call","expression":{"__symbolic":"reference","module":"@angular/core","name":"Input","line":125,"character":3}}]}],"nzMouseEnterDelay":[{"__symbolic":"property","decorators":[{"__symbolic":"call","expression":{"__symbolic":"reference","module":"@angular/core","name":"Input","line":126,"character":3}}]}],"nzMouseLeaveDelay":[{"__symbolic":"property","decorators":[{"__symbolic":"call","expression":{"__symbolic":"reference","module":"@angular/core","name":"Input","line":127,"character":3}}]}],"nzTriggerAction":[{"__symbolic":"property","decorators":[{"__symbolic":"call","expression":{"__symbolic":"reference","module":"@angular/core","name":"Input","line":128,"character":3}}]}],"nzChangeOn":[{"__symbolic":"property","decorators":[{"__symbolic":"call","expression":{"__symbolic":"reference","module":"@angular/core","name":"Input","line":129,"character":3}}]}],"nzLoadData":[{"__symbolic":"property","decorators":[{"__symbolic":"call","expression":{"__symbolic":"reference","module":"@angular/core","name":"Input","line":130,"character":3}}]}],"nzOptions":[{"__symbolic":"property","decorators":[{"__symbolic":"call","expression":{"__symbolic":"reference","module":"@angular/core","name":"Input","line":132,"character":3}}]}],"nzVisibleChange":[{"__symbolic":"property","decorators":[{"__symbolic":"call","expression":{"__symbolic":"reference","module":"@angular/core","name":"Output","line":141,"character":3}}]}],"nzSelectionChange":[{"__symbolic":"property","decorators":[{"__symbolic":"call","expression":{"__symbolic":"reference","module":"@angular/core","name":"Output","line":143,"character":3}}]}],"nzSelect":[{"__symbolic":"property","decorators":[{"__symbolic":"call","expression":{"__symbolic":"reference","module":"@angular/core","name":"Output","line":148,"character":3}}]}],"nzClear":[{"__symbolic":"property","decorators":[{"__symbolic":"call","expression":{"__symbolic":"reference","module":"@angular/core","name":"Output","line":150,"character":3}}]}],"__ctor__":[{"__symbolic":"constructor","parameterDecorators":[null,null,null,null,null,null,[{"__symbolic":"call","expression":{"__symbolic":"reference","module":"@angular/core","name":"Host","line":220,"character":5}},{"__symbolic":"call","expression":{"__symbolic":"reference","module":"@angular/core","name":"Optional","line":220,"character":13}}]],"parameters":[{"__symbolic":"reference","name":"NzCascaderService"},{"__symbolic":"reference","module":"ng-zorro-antd/i18n","name":"NzI18nService","line":215,"character":25},{"__symbolic":"reference","module":"ng-zorro-antd/core","name":"NzConfigService","line":216,"character":28},{"__symbolic":"reference","module":"@angular/core","name":"ChangeDetectorRef","line":217,"character":17},{"__symbolic":"reference","module":"@angular/core","name":"ElementRef","line":218,"character":16},{"__symbolic":"reference","module":"@angular/core","name":"Renderer2","line":219,"character":14},{"__symbolic":"reference","module":"ng-zorro-antd/core","name":"NzNoAnimationDirective","line":220,"character":45}]}],"ngOnInit":[{"__symbolic":"method"}],"ngOnDestroy":[{"__symbolic":"method"}],"registerOnChange":[{"__symbolic":"method"}],"registerOnTouched":[{"__symbolic":"method"}],"writeValue":[{"__symbolic":"method"}],"delaySetMenuVisible":[{"__symbolic":"method"}],"setMenuVisible":[{"__symbolic":"method"}],"clearDelayMenuTimer":[{"__symbolic":"method"}],"clearSelection":[{"__symbolic":"method"}],"getSubmitValue":[{"__symbolic":"method"}],"focus":[{"__symbolic":"method"}],"blur":[{"__symbolic":"method"}],"handleInputBlur":[{"__symbolic":"method"}],"handleInputFocus":[{"__symbolic":"method"}],"onKeyDown":[{"__symbolic":"method","decorators":[{"__symbolic":"call","expression":{"__symbolic":"reference","module":"@angular/core","name":"HostListener","line":389,"character":3},"arguments":["keydown",["$event"]]}]}],"onTriggerClick":[{"__symbolic":"method","decorators":[{"__symbolic":"call","expression":{"__symbolic":"reference","module":"@angular/core","name":"HostListener","line":432,"character":3},"arguments":["click"]}]}],"onTriggerMouseEnter":[{"__symbolic":"method","decorators":[{"__symbolic":"call","expression":{"__symbolic":"reference","module":"@angular/core","name":"HostListener","line":446,"character":3},"arguments":["mouseenter"]}]}],"onTriggerMouseLeave":[{"__symbolic":"method","decorators":[{"__symbolic":"call","expression":{"__symbolic":"reference","module":"@angular/core","name":"HostListener","line":455,"character":3},"arguments":["mouseleave",["$event"]]}]}],"onOptionMouseEnter":[{"__symbolic":"method"}],"onOptionMouseLeave":[{"__symbolic":"method"}],"onOptionClick":[{"__symbolic":"method"}],"isActionTrigger":[{"__symbolic":"method"}],"onEnter":[{"__symbolic":"method"}],"moveUpOrDown":[{"__symbolic":"method"}],"moveLeft":[{"__symbolic":"method"}],"moveRight":[{"__symbolic":"method"}],"clearDelaySelectTimer":[{"__symbolic":"method"}],"delaySetOptionActivated":[{"__symbolic":"method"}],"toggleSearchingMode":[{"__symbolic":"method"}],"isOptionActivated":[{"__symbolic":"method"}],"setDisabledState":[{"__symbolic":"method"}],"closeMenu":[{"__symbolic":"method"}],"onPositionChange":[{"__symbolic":"method"}],"reposition":[{"__symbolic":"method"}],"checkChildren":[{"__symbolic":"method"}],"buildDisplayLabel":[{"__symbolic":"method"}],"setLocale":[{"__symbolic":"method"}]}},"NzCascaderModule":{"__symbolic":"class","decorators":[{"__symbolic":"call","expression":{"__symbolic":"reference","module":"@angular/core","name":"NgModule","line":21,"character":1},"arguments":[{"imports":[{"__symbolic":"reference","module":"@angular/common","name":"CommonModule","line":23,"character":4},{"__symbolic":"reference","module":"@angular/forms","name":"FormsModule","line":24,"character":4},{"__symbolic":"reference","module":"@angular/cdk/overlay","name":"OverlayModule","line":25,"character":4},{"__symbolic":"reference","module":"ng-zorro-antd/core","name":"NzAddOnModule","line":26,"character":4},{"__symbolic":"reference","module":"ng-zorro-antd/empty","name":"NzEmptyModule","line":27,"character":4},{"__symbolic":"reference","module":"ng-zorro-antd/core","name":"NzHighlightModule","line":28,"character":4},{"__symbolic":"reference","module":"ng-zorro-antd/icon","name":"NzIconModule","line":29,"character":4},{"__symbolic":"reference","module":"ng-zorro-antd/input","name":"NzInputModule","line":30,"character":4},{"__symbolic":"reference","module":"ng-zorro-antd/core","name":"NzNoAnimationModule","line":31,"character":4},{"__symbolic":"reference","module":"ng-zorro-antd/core","name":"NzOverlayModule","line":32,"character":4}],"declarations":[{"__symbolic":"reference","name":"NzCascaderComponent"},{"__symbolic":"reference","name":"NzCascaderOptionComponent"}],"exports":[{"__symbolic":"reference","name":"NzCascaderComponent"}]}]}],"members":{}},"NzCascaderService":{"__symbolic":"class","decorators":[{"__symbolic":"call","expression":{"__symbolic":"reference","module":"@angular/core","name":"Injectable","line":25,"character":1}}],"members":{"ngOnDestroy":[{"__symbolic":"method"}],"syncOptions":[{"__symbolic":"method"}],"withComponent":[{"__symbolic":"method"}],"withOptions":[{"__symbolic":"method"}],"setOptionActivated":[{"__symbolic":"method"}],"setOptionSelected":[{"__symbolic":"method"}],"setOptionDeactivatedSinceColumn":[{"__symbolic":"method"}],"setSearchOptionSelected":[{"__symbolic":"method"}],"prepareSearchOptions":[{"__symbolic":"method"}],"toggleSearchingMode":[{"__symbolic":"method"}],"clear":[{"__symbolic":"method"}],"getOptionLabel":[{"__symbolic":"method"}],"getOptionValue":[{"__symbolic":"method"}],"setColumnData":[{"__symbolic":"method"}],"trackAncestorActivatedOptions":[{"__symbolic":"method"}],"dropBehindActivatedOptions":[{"__symbolic":"method"}],"dropBehindColumns":[{"__symbolic":"method"}],"loadChildren":[{"__symbolic":"method"}],"isLoaded":[{"__symbolic":"method"}],"findOptionWithValue":[{"__symbolic":"method"}],"prepareEmitValue":[{"__symbolic":"method"}]}},"NzCascaderOptionComponent":{"__symbolic":"class","decorators":[{"__symbolic":"call","expression":{"__symbolic":"reference","module":"@angular/core","name":"Component","line":21,"character":1},"arguments":[{"changeDetection":{"__symbolic":"select","expression":{"__symbolic":"reference","module":"@angular/core","name":"ChangeDetectionStrategy","line":22,"character":19},"member":"OnPush"},"encapsulation":{"__symbolic":"select","expression":{"__symbolic":"reference","module":"@angular/core","name":"ViewEncapsulation","line":23,"character":17},"member":"None"},"selector":"[nz-cascader-option]","exportAs":"nzCascaderOption","host":{"[attr.title]":"option.title || optionLabel","[class.ant-cascader-menu-item-active]":"activated","[class.ant-cascader-menu-item-expand]":"!option.isLeaf","[class.ant-cascader-menu-item-disabled]":"option.disabled","$quoted$":["[attr.title]","[class.ant-cascader-menu-item-active]","[class.ant-cascader-menu-item-expand]","[class.ant-cascader-menu-item-disabled]"]},"template":"<ng-container *ngIf=\"optionTemplate; else defaultOptionTemplate\">\n  <ng-template [ngTemplateOutlet]=\"optionTemplate\"\n               [ngTemplateOutletContext]=\"{ $implicit: option, index: columnIndex }\"></ng-template>\n</ng-container>\n<ng-template #defaultOptionTemplate>\n  <span [innerHTML]=\"optionLabel | nzHighlight: highlightText: 'g': 'ant-cascader-menu-item-keyword'\"></span>\n</ng-template>\n<span *ngIf=\"!option.isLeaf || option.children?.length || option.loading\"\n      class=\"ant-cascader-menu-item-expand-icon\">\n  <i nz-icon\n     [nzType]=\"option.loading ? 'loading' : 'right'\"></i>\n</span>\n"}]}],"members":{"optionTemplate":[{"__symbolic":"property","decorators":[{"__symbolic":"call","expression":{"__symbolic":"reference","module":"@angular/core","name":"Input","line":35,"character":3}}]}],"option":[{"__symbolic":"property","decorators":[{"__symbolic":"call","expression":{"__symbolic":"reference","module":"@angular/core","name":"Input","line":36,"character":3}}]}],"activated":[{"__symbolic":"property","decorators":[{"__symbolic":"call","expression":{"__symbolic":"reference","module":"@angular/core","name":"Input","line":37,"character":3}}]}],"highlightText":[{"__symbolic":"property","decorators":[{"__symbolic":"call","expression":{"__symbolic":"reference","module":"@angular/core","name":"Input","line":38,"character":3}}]}],"nzLabelProperty":[{"__symbolic":"property","decorators":[{"__symbolic":"call","expression":{"__symbolic":"reference","module":"@angular/core","name":"Input","line":39,"character":3}}]}],"columnIndex":[{"__symbolic":"property","decorators":[{"__symbolic":"call","expression":{"__symbolic":"reference","module":"@angular/core","name":"Input","line":40,"character":3}}]}],"__ctor__":[{"__symbolic":"constructor","parameters":[{"__symbolic":"reference","module":"@angular/core","name":"ChangeDetectorRef","line":42,"character":27},{"__symbolic":"reference","module":"@angular/core","name":"ElementRef","line":42,"character":58},{"__symbolic":"reference","module":"@angular/core","name":"Renderer2","line":42,"character":80}]}],"markForCheck":[{"__symbolic":"method"}]}}},"origins":{"NzCascaderExpandTrigger":"./nz-cascader-definitions","NzCascaderTriggerType":"./nz-cascader-definitions","NzCascaderSize":"./nz-cascader-definitions","NzCascaderFilter":"./nz-cascader-definitions","NzCascaderSorter":"./nz-cascader-definitions","CascaderOption":"./nz-cascader-definitions","NzCascaderOption":"./nz-cascader-definitions","CascaderSearchOption":"./nz-cascader-definitions","NzCascaderSearchOption":"./nz-cascader-definitions","NzShowSearchOptions":"./nz-cascader-definitions","isShowSearchObject":"./nz-cascader-definitions","NzCascaderComponentAsSource":"./nz-cascader-definitions","isChildOption":"./nz-cascader-utils","isParentOption":"./nz-cascader-utils","NzCascaderComponent":"./nz-cascader.component","NzCascaderModule":"./nz-cascader.module","NzCascaderService":"./nz-cascader.service","NzCascaderOptionComponent":"./nz-cascader-li.component"},"importAs":"ng-zorro-antd/cascader"}