{"__symbolic":"module","version":4,"metadata":{"NzDropdownContextComponent":{"__symbolic":"class","decorators":[{"__symbolic":"call","expression":{"__symbolic":"reference","module":"@angular/core","name":"Component","line":23,"character":1},"arguments":[{"selector":"nz-dropdown-context","exportAs":"nzDropdownContext","animations":[{"__symbolic":"reference","module":"ng-zorro-antd/core","name":"slideMotion","line":26,"character":15}],"preserveWhitespaces":false,"encapsulation":{"__symbolic":"select","expression":{"__symbolic":"reference","module":"@angular/core","name":"ViewEncapsulation","line":29,"character":17},"member":"None"},"changeDetection":{"__symbolic":"select","expression":{"__symbolic":"reference","module":"@angular/core","name":"ChangeDetectionStrategy","line":30,"character":19},"member":"OnPush"},"providers":[{"__symbolic":"reference","name":"NzMenuDropdownService"}],"styles":["\n      nz-dropdown-context {\n        display: block;\n      }\n\n      .ant-dropdown {\n        top: 100%;\n        left: 0;\n        position: relative;\n        width: 100%;\n        margin-top: 4px;\n        margin-bottom: 4px;\n      }\n    "],"template":"<div *ngIf=\"open\"\n  class=\"ant-dropdown ant-dropdown-placement-bottomLeft\"\n  [@slideMotion]=\"dropDownPosition\"\n  (@slideMotion.done)=\"afterAnimation()\">\n  <ng-template [ngTemplateOutlet]=\"templateRef\"></ng-template>\n</div>"}]}],"members":{"init":[{"__symbolic":"method"}],"close":[{"__symbolic":"method"}],"afterAnimation":[{"__symbolic":"method"}],"__ctor__":[{"__symbolic":"constructor","parameters":[{"__symbolic":"reference","module":"@angular/core","name":"ChangeDetectorRef","line":85,"character":27}]}],"ngOnDestroy":[{"__symbolic":"method"}]}},"NzPlacement":{"__symbolic":"interface"},"menuServiceFactory":{"__symbolic":"function","parameters":["injector"],"value":{"__symbolic":"call","expression":{"__symbolic":"select","expression":{"__symbolic":"reference","name":"injector"},"member":"get"},"arguments":[{"__symbolic":"reference","name":"NzMenuDropdownService"}]}},"NzDropDownComponent":{"__symbolic":"class","decorators":[{"__symbolic":"call","expression":{"__symbolic":"reference","module":"@angular/core","name":"Component","line":50,"character":1},"arguments":[{"selector":"nz-dropdown","exportAs":"nzDropdown","preserveWhitespaces":false,"providers":[{"__symbolic":"reference","name":"NzMenuDropdownService"},{"provide":{"__symbolic":"reference","module":"ng-zorro-antd/core","name":"NzDropdownHigherOrderServiceToken","line":57,"character":15},"useFactory":{"__symbolic":"reference","name":"menuServiceFactory"},"deps":[[{"__symbolic":"new","expression":{"__symbolic":"reference","module":"@angular/core","name":"Self","line":59,"character":18}},{"__symbolic":"reference","module":"@angular/core","name":"Injector","line":59,"character":26}]]}],"animations":[{"__symbolic":"reference","module":"ng-zorro-antd/core","name":"slideMotion","line":62,"character":15}],"encapsulation":{"__symbolic":"select","expression":{"__symbolic":"reference","module":"@angular/core","name":"ViewEncapsulation","line":63,"character":17},"member":"None"},"changeDetection":{"__symbolic":"select","expression":{"__symbolic":"reference","module":"@angular/core","name":"ChangeDetectionStrategy","line":64,"character":19},"member":"OnPush"},"styles":["\n      :root .ant-dropdown {\n        top: 100%;\n        left: 0;\n        position: relative;\n        width: 100%;\n        margin-top: 4px;\n        margin-bottom: 4px;\n      }\n    "],"template":"<ng-content select=\"[nz-dropdown]\"></ng-content>\n<ng-template\n  cdkConnectedOverlay\n  nzConnectedOverlay\n  [cdkConnectedOverlayHasBackdrop]=\"nzTrigger === 'click'\"\n  [cdkConnectedOverlayPositions]=\"positions\"\n  [cdkConnectedOverlayOrigin]=\"nzDropDownDirective\"\n  [cdkConnectedOverlayMinWidth]=\"triggerWidth\"\n  [cdkConnectedOverlayOpen]=\"nzVisible\"\n  (backdropClick)=\"setVisibleStateWhen(false)\"\n  (detach)=\"setVisibleStateWhen(false)\"\n  (positionChange)=\"onPositionChange($event)\">\n  <div class=\"{{'ant-dropdown ant-dropdown-placement-'+nzPlacement}}\"\n    [ngClass]=\"nzOverlayClassName\"\n    [ngStyle]=\"nzOverlayStyle\"\n    [@slideMotion]=\"dropDownPosition\"\n    [@.disabled]=\"noAnimation?.nzNoAnimation\"\n    [nzNoAnimation]=\"noAnimation?.nzNoAnimation\"\n    [style.minWidth.px]=\"triggerWidth\"\n    (mouseenter)=\"setVisibleStateWhen(true,'hover')\"\n    (mouseleave)=\"setVisibleStateWhen(false,'hover')\">\n    <div [class.ant-table-filter-dropdown]=\"nzTableFilter\">\n      <ng-content select=\"[nz-menu]\"></ng-content>\n      <ng-content></ng-content>\n    </div>\n  </div>\n</ng-template>"}]}],"members":{"nzDropDownDirective":[{"__symbolic":"property","decorators":[{"__symbolic":"call","expression":{"__symbolic":"reference","module":"@angular/core","name":"ContentChild","line":88,"character":3},"arguments":[{"__symbolic":"reference","name":"NzDropDownDirective"},{"static":false}]}]}],"nzTrigger":[{"__symbolic":"property","decorators":[{"__symbolic":"call","expression":{"__symbolic":"reference","module":"@angular/core","name":"Input","line":89,"character":3}}]}],"nzOverlayClassName":[{"__symbolic":"property","decorators":[{"__symbolic":"call","expression":{"__symbolic":"reference","module":"@angular/core","name":"Input","line":90,"character":3}}]}],"nzOverlayStyle":[{"__symbolic":"property","decorators":[{"__symbolic":"call","expression":{"__symbolic":"reference","module":"@angular/core","name":"Input","line":91,"character":3}}]}],"nzPlacement":[{"__symbolic":"property","decorators":[{"__symbolic":"call","expression":{"__symbolic":"reference","module":"@angular/core","name":"Input","line":92,"character":3}}]}],"nzClickHide":[{"__symbolic":"property","decorators":[{"__symbolic":"call","expression":{"__symbolic":"reference","module":"@angular/core","name":"Input","line":93,"character":3}},{"__symbolic":"call","expression":{"__symbolic":"reference","module":"ng-zorro-antd/core","name":"InputBoolean","line":93,"character":12}}]}],"nzDisabled":[{"__symbolic":"property","decorators":[{"__symbolic":"call","expression":{"__symbolic":"reference","module":"@angular/core","name":"Input","line":94,"character":3}},{"__symbolic":"call","expression":{"__symbolic":"reference","module":"ng-zorro-antd/core","name":"InputBoolean","line":94,"character":12}}]}],"nzVisible":[{"__symbolic":"property","decorators":[{"__symbolic":"call","expression":{"__symbolic":"reference","module":"@angular/core","name":"Input","line":95,"character":3}},{"__symbolic":"call","expression":{"__symbolic":"reference","module":"ng-zorro-antd/core","name":"InputBoolean","line":95,"character":12}}]}],"nzTableFilter":[{"__symbolic":"property","decorators":[{"__symbolic":"call","expression":{"__symbolic":"reference","module":"@angular/core","name":"Input","line":96,"character":3}},{"__symbolic":"call","expression":{"__symbolic":"reference","module":"ng-zorro-antd/core","name":"InputBoolean","line":96,"character":12}}]}],"nzVisibleChange":[{"__symbolic":"property","decorators":[{"__symbolic":"call","expression":{"__symbolic":"reference","module":"@angular/core","name":"Output","line":97,"character":3}}]}],"setVisibleStateWhen":[{"__symbolic":"method"}],"onPositionChange":[{"__symbolic":"method"}],"startSubscribe":[{"__symbolic":"method"}],"updateDisabledState":[{"__symbolic":"method"}],"__ctor__":[{"__symbolic":"constructor","parameterDecorators":[null,null,[{"__symbolic":"call","expression":{"__symbolic":"reference","module":"@angular/core","name":"Host","line":138,"character":5}},{"__symbolic":"call","expression":{"__symbolic":"reference","module":"@angular/core","name":"Optional","line":138,"character":13}}]],"parameters":[{"__symbolic":"reference","module":"@angular/core","name":"ChangeDetectorRef","line":136,"character":19},{"__symbolic":"reference","name":"NzMenuDropdownService"},{"__symbolic":"reference","module":"ng-zorro-antd/core","name":"NzNoAnimationDirective","line":138,"character":45}]}],"ngOnDestroy":[{"__symbolic":"method"}],"ngAfterContentInit":[{"__symbolic":"method"}],"ngOnChanges":[{"__symbolic":"method"}]}},"NzDropDownDirective":{"__symbolic":"class","decorators":[{"__symbolic":"call","expression":{"__symbolic":"reference","module":"@angular/core","name":"Directive","line":40,"character":1},"arguments":[{"selector":"[nz-dropdown]","exportAs":"nzDropdown"}]}],"members":{"nzDropdownMenu":[{"__symbolic":"property","decorators":[{"__symbolic":"call","expression":{"__symbolic":"reference","module":"@angular/core","name":"Input","line":63,"character":3}}]}],"nzTrigger":[{"__symbolic":"property","decorators":[{"__symbolic":"call","expression":{"__symbolic":"reference","module":"@angular/core","name":"Input","line":64,"character":3}}]}],"nzMatchWidthElement":[{"__symbolic":"property","decorators":[{"__symbolic":"call","expression":{"__symbolic":"reference","module":"@angular/core","name":"Input","line":65,"character":3}}]}],"nzBackdrop":[{"__symbolic":"property","decorators":[{"__symbolic":"call","expression":{"__symbolic":"reference","module":"@angular/core","name":"Input","line":66,"character":3}},{"__symbolic":"call","expression":{"__symbolic":"reference","module":"ng-zorro-antd/core","name":"InputBoolean","line":66,"character":12}}]}],"nzClickHide":[{"__symbolic":"property","decorators":[{"__symbolic":"call","expression":{"__symbolic":"reference","module":"@angular/core","name":"Input","line":67,"character":3}},{"__symbolic":"call","expression":{"__symbolic":"reference","module":"ng-zorro-antd/core","name":"InputBoolean","line":67,"character":12}}]}],"nzDisabled":[{"__symbolic":"property","decorators":[{"__symbolic":"call","expression":{"__symbolic":"reference","module":"@angular/core","name":"Input","line":68,"character":3}},{"__symbolic":"call","expression":{"__symbolic":"reference","module":"ng-zorro-antd/core","name":"InputBoolean","line":68,"character":12}}]}],"nzVisible":[{"__symbolic":"property","decorators":[{"__symbolic":"call","expression":{"__symbolic":"reference","module":"@angular/core","name":"Input","line":69,"character":3}},{"__symbolic":"call","expression":{"__symbolic":"reference","module":"ng-zorro-antd/core","name":"InputBoolean","line":69,"character":12}}]}],"nzTableFilter":[{"__symbolic":"property","decorators":[{"__symbolic":"call","expression":{"__symbolic":"reference","module":"@angular/core","name":"Input","line":70,"character":3}},{"__symbolic":"call","expression":{"__symbolic":"reference","module":"ng-zorro-antd/core","name":"InputBoolean","line":70,"character":12}}]}],"nzOverlayClassName":[{"__symbolic":"property","decorators":[{"__symbolic":"call","expression":{"__symbolic":"reference","module":"@angular/core","name":"Input","line":71,"character":3}}]}],"nzOverlayStyle":[{"__symbolic":"property","decorators":[{"__symbolic":"call","expression":{"__symbolic":"reference","module":"@angular/core","name":"Input","line":72,"character":3}}]}],"nzPlacement":[{"__symbolic":"property","decorators":[{"__symbolic":"call","expression":{"__symbolic":"reference","module":"@angular/core","name":"Input","line":73,"character":3}}]}],"nzVisibleChange":[{"__symbolic":"property","decorators":[{"__symbolic":"call","expression":{"__symbolic":"reference","module":"@angular/core","name":"Output","line":74,"character":3}}]}],"setDisabled":[{"__symbolic":"method"}],"getOverlayConfig":[{"__symbolic":"method"}],"createOverlay":[{"__symbolic":"method"}],"updateOverlayConfig":[{"__symbolic":"method"}],"dispose":[{"__symbolic":"method"}],"subscribeToPositions":[{"__symbolic":"method"}],"subscribeOverlayEvent":[{"__symbolic":"method"}],"getPortal":[{"__symbolic":"method"}],"openMenu":[{"__symbolic":"method"}],"closeMenu":[{"__symbolic":"method"}],"setPosition":[{"__symbolic":"method"}],"updatePositionStrategy":[{"__symbolic":"method"}],"setTriggerWidth":[{"__symbolic":"method"}],"initActionSubscribe":[{"__symbolic":"method"}],"updateOverlayByVisible":[{"__symbolic":"method"}],"updateDisabledState":[{"__symbolic":"method"}],"regeneratePosition":[{"__symbolic":"method"}],"__ctor__":[{"__symbolic":"constructor","parameterDecorators":[null,null,null,null,[{"__symbolic":"call","expression":{"__symbolic":"reference","module":"@angular/core","name":"Optional","line":242,"character":5}},{"__symbolic":"call","expression":{"__symbolic":"reference","module":"@angular/core","name":"Host","line":242,"character":17}}],[{"__symbolic":"call","expression":{"__symbolic":"reference","module":"@angular/core","name":"Optional","line":243,"character":5}}],null],"parameters":[{"__symbolic":"reference","module":"@angular/core","name":"ElementRef","line":238,"character":23},{"__symbolic":"reference","module":"@angular/core","name":"Renderer2","line":239,"character":22},{"__symbolic":"reference","module":"@angular/cdk/overlay","name":"Overlay","line":240,"character":21},{"__symbolic":"reference","module":"@angular/cdk/platform","name":"Platform","line":241,"character":22},{"__symbolic":"reference","module":"ng-zorro-antd/button","name":"NzButtonComponent","line":242,"character":51},{"__symbolic":"reference","module":"ng-zorro-antd/button","name":"NzButtonGroupComponent","line":243,"character":48},{"__symbolic":"reference","module":"@angular/core","name":"ViewContainerRef","line":244,"character":30}]}],"ngAfterViewInit":[{"__symbolic":"method"}],"ngOnDestroy":[{"__symbolic":"method"}],"ngOnChanges":[{"__symbolic":"method"}]}},"NzDropdownService":{"__symbolic":"class","decorators":[{"__symbolic":"call","expression":{"__symbolic":"reference","module":"@angular/core","name":"Injectable","line":24,"character":1},"arguments":[{"providedIn":{"__symbolic":"reference","name":"NzDropdownServiceModule"}}]}],"members":{"__ctor__":[{"__symbolic":"constructor","parameters":[{"__symbolic":"reference","module":"@angular/cdk/overlay","name":"Overlay","line":33,"character":31}]}],"create":[{"__symbolic":"method"}],"dispose":[{"__symbolic":"method"}]},"statics":{"ngInjectableDef":{}}},"NzDropdownServiceModule":{"__symbolic":"class","decorators":[{"__symbolic":"call","expression":{"__symbolic":"reference","module":"@angular/core","name":"NgModule","line":10,"character":1}}],"members":{}},"NzDropDownButtonComponent":{"__symbolic":"class","extends":{"__symbolic":"reference","name":"NzDropDownComponent"},"decorators":[{"__symbolic":"call","expression":{"__symbolic":"reference","module":"@angular/core","name":"Component","line":38,"character":1},"arguments":[{"selector":"nz-dropdown-button","exportAs":"nzDropdownButton","preserveWhitespaces":false,"animations":[{"__symbolic":"reference","module":"ng-zorro-antd/core","name":"slideMotion","line":42,"character":15}],"encapsulation":{"__symbolic":"select","expression":{"__symbolic":"reference","module":"@angular/core","name":"ViewEncapsulation","line":43,"character":17},"member":"None"},"changeDetection":{"__symbolic":"select","expression":{"__symbolic":"reference","module":"@angular/core","name":"ChangeDetectionStrategy","line":44,"character":19},"member":"OnPush"},"providers":[{"__symbolic":"reference","name":"NzMenuDropdownService"},{"provide":{"__symbolic":"reference","module":"ng-zorro-antd/core","name":"NzDropdownHigherOrderServiceToken","line":48,"character":15},"useFactory":{"__symbolic":"reference","name":"menuServiceFactory"},"deps":[[{"__symbolic":"new","expression":{"__symbolic":"reference","module":"@angular/core","name":"Self","line":50,"character":18}},{"__symbolic":"reference","module":"@angular/core","name":"Injector","line":50,"character":26}]]}],"styles":["\n      nz-dropdown-button {\n        position: relative;\n        display: inline-block;\n      }\n\n      :root .ant-dropdown {\n        top: 100%;\n        left: 0;\n        position: relative;\n        width: 100%;\n        margin-top: 4px;\n        margin-bottom: 4px;\n      }\n    "],"template":"<div class=\"ant-btn-group ant-dropdown-button\" nz-dropdown>\n  <button nz-button\n    type=\"button\"\n    [disabled]=\"nzDisabled\"\n    [nzType]=\"nzType\"\n    [nzSize]=\"nzSize\"\n    (click)=\"nzClick.emit($event)\">\n    <span><ng-content></ng-content></span>\n  </button>\n  <button nz-button\n    type=\"button\"\n    class=\"ant-dropdown-trigger\"\n    [nzType]=\"nzType\"\n    [nzSize]=\"nzSize\"\n    [disabled]=\"nzDisabled\"\n    (click)=\"setVisibleStateWhen(true,'click')\"\n    (mouseenter)=\"setVisibleStateWhen(true,'hover')\"\n    (mouseleave)=\"setVisibleStateWhen(false,'hover')\">\n    <ng-container *nzStringTemplateOutlet=\"nzIcon\"><i nz-icon [nzType]=\"nzIcon\"></i></ng-container>\n  </button>\n</div>\n<ng-template\n  cdkConnectedOverlay\n  nzConnectedOverlay\n  [cdkConnectedOverlayHasBackdrop]=\"nzTrigger === 'click'\"\n  [cdkConnectedOverlayPositions]=\"positions\"\n  [cdkConnectedOverlayOrigin]=\"nzDropDownDirective\"\n  (backdropClick)=\"setVisibleStateWhen(false)\"\n  (detach)=\"setVisibleStateWhen(false)\"\n  [cdkConnectedOverlayMinWidth]=\"triggerWidth\"\n  (positionChange)=\"onPositionChange($event)\"\n  [cdkConnectedOverlayOpen]=\"nzVisible\">\n  <div class=\"{{'ant-dropdown ant-dropdown-placement-'+nzPlacement}}\"\n    [@.disabled]=\"noAnimation?.nzNoAnimation\"\n    [nzNoAnimation]=\"noAnimation?.nzNoAnimation\"\n    [@slideMotion]=\"dropDownPosition\"\n    (mouseenter)=\"setVisibleStateWhen(true,'hover')\"\n    (mouseleave)=\"setVisibleStateWhen(false,'hover')\"\n    [style.minWidth.px]=\"triggerWidth\">\n    <ng-content select=\"[nz-menu]\"></ng-content>\n  </div>\n</ng-template>"}]}],"members":{"nzSize":[{"__symbolic":"property","decorators":[{"__symbolic":"call","expression":{"__symbolic":"reference","module":"@angular/core","name":"Input","line":76,"character":3}}]}],"nzType":[{"__symbolic":"property","decorators":[{"__symbolic":"call","expression":{"__symbolic":"reference","module":"@angular/core","name":"Input","line":77,"character":3}}]}],"nzIcon":[{"__symbolic":"property","decorators":[{"__symbolic":"call","expression":{"__symbolic":"reference","module":"@angular/core","name":"Input","line":78,"character":3}}]}],"nzClick":[{"__symbolic":"property","decorators":[{"__symbolic":"call","expression":{"__symbolic":"reference","module":"@angular/core","name":"Output","line":79,"character":3}}]}],"nzDropDownDirective":[{"__symbolic":"property","decorators":[{"__symbolic":"call","expression":{"__symbolic":"reference","module":"@angular/core","name":"ViewChild","line":80,"character":3},"arguments":[{"__symbolic":"reference","name":"NzDropDownDirective"},{"static":true}]}]}],"__ctor__":[{"__symbolic":"constructor","parameterDecorators":[null,null,[{"__symbolic":"call","expression":{"__symbolic":"reference","module":"@angular/core","name":"Host","line":85,"character":5}},{"__symbolic":"call","expression":{"__symbolic":"reference","module":"@angular/core","name":"Optional","line":85,"character":13}}]],"parameters":[{"__symbolic":"reference","module":"@angular/core","name":"ChangeDetectorRef","line":83,"character":9},{"__symbolic":"reference","name":"NzMenuDropdownService"},{"__symbolic":"reference","module":"ng-zorro-antd/core","name":"NzNoAnimationDirective","line":85,"character":45}]}],"ngAfterContentInit":[{"__symbolic":"method"}]}},"NzDropDownModule":{"__symbolic":"class","decorators":[{"__symbolic":"call","expression":{"__symbolic":"reference","module":"@angular/core","name":"NgModule","line":28,"character":1},"arguments":[{"imports":[{"__symbolic":"reference","module":"@angular/common","name":"CommonModule","line":30,"character":4},{"__symbolic":"reference","module":"@angular/cdk/overlay","name":"OverlayModule","line":31,"character":4},{"__symbolic":"reference","module":"@angular/forms","name":"FormsModule","line":32,"character":4},{"__symbolic":"reference","module":"ng-zorro-antd/button","name":"NzButtonModule","line":33,"character":4},{"__symbolic":"reference","module":"ng-zorro-antd/menu","name":"NzMenuModule","line":34,"character":4},{"__symbolic":"reference","module":"ng-zorro-antd/icon","name":"NzIconModule","line":35,"character":4},{"__symbolic":"reference","module":"@angular/cdk/platform","name":"PlatformModule","line":36,"character":4},{"__symbolic":"reference","module":"ng-zorro-antd/core","name":"NzNoAnimationModule","line":37,"character":4},{"__symbolic":"reference","module":"ng-zorro-antd/core","name":"NzOverlayModule","line":38,"character":4},{"__symbolic":"reference","name":"NzDropdownServiceModule"},{"__symbolic":"reference","name":"NzContextMenuServiceModule"},{"__symbolic":"reference","module":"ng-zorro-antd/core","name":"NzAddOnModule","line":41,"character":4}],"entryComponents":[{"__symbolic":"reference","name":"NzDropdownContextComponent"},{"__symbolic":"reference","name":"NzDropdownMenuComponent"}],"declarations":[{"__symbolic":"reference","name":"NzDropDownComponent"},{"__symbolic":"reference","name":"NzDropDownButtonComponent"},{"__symbolic":"reference","name":"NzDropDownDirective"},{"__symbolic":"reference","name":"NzDropDownADirective"},{"__symbolic":"reference","name":"NzDropdownContextComponent"},{"__symbolic":"reference","name":"NzDropdownMenuComponent"}],"exports":[{"__symbolic":"reference","module":"ng-zorro-antd/menu","name":"NzMenuModule","line":53,"character":4},{"__symbolic":"reference","name":"NzDropDownComponent"},{"__symbolic":"reference","name":"NzDropDownButtonComponent"},{"__symbolic":"reference","name":"NzDropDownDirective"},{"__symbolic":"reference","name":"NzDropDownADirective"},{"__symbolic":"reference","name":"NzDropdownMenuComponent"}]}]}],"members":{}},"NzMenuDropdownService":{"__symbolic":"class","extends":{"__symbolic":"reference","module":"ng-zorro-antd/core","name":"NzMenuBaseService","line":13,"character":43},"decorators":[{"__symbolic":"call","expression":{"__symbolic":"reference","module":"@angular/core","name":"Injectable","line":12,"character":1}}],"members":{}},"NzDropDownADirective":{"__symbolic":"class","decorators":[{"__symbolic":"call","expression":{"__symbolic":"reference","module":"@angular/core","name":"Directive","line":10,"character":1},"arguments":[{"selector":"a[nz-dropdown]","exportAs":"nzDropdown"}]}],"members":{"__ctor__":[{"__symbolic":"constructor","parameters":[{"__symbolic":"reference","module":"@angular/core","name":"ElementRef","line":15,"character":34},{"__symbolic":"reference","module":"@angular/core","name":"Renderer2","line":15,"character":64}]}]}},"NzPlacementType":{"__symbolic":"interface"},"dropdownMenuServiceFactory":{"__symbolic":"function","parameters":["injector"],"value":{"__symbolic":"call","expression":{"__symbolic":"select","expression":{"__symbolic":"reference","name":"injector"},"member":"get"},"arguments":[{"__symbolic":"reference","name":"NzMenuDropdownService"}]}},"NzDropdownMenuComponent":{"__symbolic":"class","decorators":[{"__symbolic":"call","expression":{"__symbolic":"reference","module":"@angular/core","name":"Component","line":40,"character":1},"arguments":[{"selector":"nz-dropdown-menu","exportAs":"nzDropdownMenu","animations":[{"__symbolic":"reference","module":"ng-zorro-antd/core","name":"slideMotion","line":44,"character":15}],"providers":[{"__symbolic":"reference","name":"NzMenuDropdownService"},{"provide":{"__symbolic":"reference","module":"ng-zorro-antd/core","name":"NzDropdownHigherOrderServiceToken","line":48,"character":15},"useFactory":{"__symbolic":"reference","name":"dropdownMenuServiceFactory"},"deps":[[{"__symbolic":"new","expression":{"__symbolic":"reference","module":"@angular/core","name":"Self","line":50,"character":18}},{"__symbolic":"reference","module":"@angular/core","name":"Injector","line":50,"character":26}]]}],"styles":["\n      :root .ant-dropdown.nz-dropdown {\n        top: 0;\n        left: 0;\n        position: relative;\n        width: 100%;\n        margin-top: 4px;\n        margin-bottom: 4px;\n      }\n    "],"preserveWhitespaces":false,"encapsulation":{"__symbolic":"select","expression":{"__symbolic":"reference","module":"@angular/core","name":"ViewEncapsulation","line":66,"character":17},"member":"None"},"changeDetection":{"__symbolic":"select","expression":{"__symbolic":"reference","module":"@angular/core","name":"ChangeDetectionStrategy","line":67,"character":19},"member":"OnPush"},"template":"<ng-template>\n  <div *ngIf=\"open\" class=\"{{'ant-dropdown nz-dropdown ant-dropdown-placement-'+nzPlacement}}\"\n       [ngClass]=\"nzOverlayClassName\"\n       [ngStyle]=\"nzOverlayStyle\"\n       [@slideMotion]=\"dropDownPosition\"\n       [@.disabled]=\"noAnimation?.nzNoAnimation\"\n       [nzNoAnimation]=\"noAnimation?.nzNoAnimation\"\n       (mouseenter)=\"setVisibleStateWhen(true,'hover')\"\n       (mouseleave)=\"setVisibleStateWhen(false,'hover')\">\n    <div [class.ant-table-filter-dropdown]=\"nzTableFilter\">\n      <ng-content></ng-content>\n    </div>\n  </div>\n</ng-template>"}]}],"members":{"templateRef":[{"__symbolic":"property","decorators":[{"__symbolic":"call","expression":{"__symbolic":"reference","module":"@angular/core","name":"ViewChild","line":80,"character":3},"arguments":[{"__symbolic":"reference","module":"@angular/core","name":"TemplateRef","line":80,"character":13},{"static":true}]}]}],"setVisibleStateWhen":[{"__symbolic":"method"}],"setValue":[{"__symbolic":"method"}],"__ctor__":[{"__symbolic":"constructor","parameterDecorators":[null,null,null,null,null,[{"__symbolic":"call","expression":{"__symbolic":"reference","module":"@angular/core","name":"Host","line":99,"character":5}},{"__symbolic":"call","expression":{"__symbolic":"reference","module":"@angular/core","name":"Optional","line":99,"character":13}}]],"parameters":[{"__symbolic":"reference","module":"@angular/core","name":"ChangeDetectorRef","line":94,"character":17},{"__symbolic":"reference","module":"@angular/core","name":"ElementRef","line":95,"character":24},{"__symbolic":"reference","module":"@angular/core","name":"Renderer2","line":96,"character":22},{"__symbolic":"reference","module":"@angular/core","name":"ViewContainerRef","line":97,"character":29},{"__symbolic":"reference","name":"NzMenuDropdownService"},{"__symbolic":"reference","module":"ng-zorro-antd/core","name":"NzNoAnimationDirective","line":99,"character":45}]}],"ngAfterContentInit":[{"__symbolic":"method"}]}},"NzContextMenuService":{"__symbolic":"class","decorators":[{"__symbolic":"call","expression":{"__symbolic":"reference","module":"@angular/core","name":"Injectable","line":23,"character":1},"arguments":[{"providedIn":{"__symbolic":"reference","name":"NzContextMenuServiceModule"}}]}],"members":{"__ctor__":[{"__symbolic":"constructor","parameters":[{"__symbolic":"reference","module":"@angular/cdk/overlay","name":"Overlay","line":33,"character":31}]}],"create":[{"__symbolic":"method"}],"close":[{"__symbolic":"method"}],"handleClickOutside":[{"__symbolic":"method"}],"attachTemplatePortal":[{"__symbolic":"method"}],"setOpenState":[{"__symbolic":"method"}],"getOverlayConfig":[{"__symbolic":"method"}],"generatePositionStrategy":[{"__symbolic":"method"}],"subscribeToPositions":[{"__symbolic":"method"}],"createOverlay":[{"__symbolic":"method"}],"updatePosition":[{"__symbolic":"method"}]},"statics":{"ngInjectableDef":{}}},"NzContextMenuServiceModule":{"__symbolic":"class","decorators":[{"__symbolic":"call","expression":{"__symbolic":"reference","module":"@angular/core","name":"NgModule","line":10,"character":1}}],"members":{}}},"origins":{"NzDropdownContextComponent":"./nz-dropdown-context.component","NzPlacement":"./nz-dropdown.component","menuServiceFactory":"./nz-dropdown.component","NzDropDownComponent":"./nz-dropdown.component","NzDropDownDirective":"./nz-dropdown.directive","NzDropdownService":"./nz-dropdown.service","NzDropdownServiceModule":"./nz-dropdown.service.module","NzDropDownButtonComponent":"./nz-dropdown-button.component","NzDropDownModule":"./nz-dropdown.module","NzMenuDropdownService":"./nz-menu-dropdown.service","NzDropDownADirective":"./nz-dropdown-a.directive","NzPlacementType":"./nz-dropdown-menu.component","dropdownMenuServiceFactory":"./nz-dropdown-menu.component","NzDropdownMenuComponent":"./nz-dropdown-menu.component","NzContextMenuService":"./nz-context-menu.service","NzContextMenuServiceModule":"./nz-context-menu.service.module"},"importAs":"ng-zorro-antd/dropdown"}