{"__symbolic":"module","version":4,"metadata":{"NzCardGridDirective":{"__symbolic":"class","decorators":[{"__symbolic":"call","expression":{"__symbolic":"reference","module":"@angular/core","name":"Directive","line":11,"character":1},"arguments":[{"selector":"[nz-card-grid]","exportAs":"nzCardGrid","host":{"[class.ant-card-hoverable]":"nzHoverable","$quoted$":["[class.ant-card-hoverable]"]}}]}],"members":{"nzHoverable":[{"__symbolic":"property","decorators":[{"__symbolic":"call","expression":{"__symbolic":"reference","module":"@angular/core","name":"Input","line":19,"character":3}},{"__symbolic":"call","expression":{"__symbolic":"reference","module":"ng-zorro-antd/core","name":"InputBoolean","line":19,"character":12}}]}],"__ctor__":[{"__symbolic":"constructor","parameters":[{"__symbolic":"reference","module":"@angular/core","name":"ElementRef","line":20,"character":26},{"__symbolic":"reference","module":"@angular/core","name":"Renderer2","line":20,"character":48}]}]}},"NzCardComponent":{"__symbolic":"class","decorators":[{"__symbolic":"call","expression":{"__symbolic":"reference","module":"@angular/core","name":"Component","line":26,"character":1},"arguments":[{"selector":"nz-card","exportAs":"nzCard","preserveWhitespaces":false,"changeDetection":{"__symbolic":"select","expression":{"__symbolic":"reference","module":"@angular/core","name":"ChangeDetectionStrategy","line":30,"character":19},"member":"OnPush"},"encapsulation":{"__symbolic":"select","expression":{"__symbolic":"reference","module":"@angular/core","name":"ViewEncapsulation","line":31,"character":17},"member":"None"},"styles":["\n      nz-card {\n        display: block;\n      }\n    "],"host":{"[class.ant-card-loading]":"nzLoading","[class.ant-card-bordered]":"nzBordered","[class.ant-card-hoverable]":"nzHoverable","[class.ant-card-small]":"nzSize === \"small\"","[class.ant-card-contain-grid]":"grids && grids.length","[class.ant-card-type-inner]":"nzType === \"inner\"","[class.ant-card-contain-tabs]":"!!tab","$quoted$":["[class.ant-card-loading]","[class.ant-card-bordered]","[class.ant-card-hoverable]","[class.ant-card-small]","[class.ant-card-contain-grid]","[class.ant-card-type-inner]","[class.ant-card-contain-tabs]"]},"template":"<div class=\"ant-card-head\" *ngIf=\"nzTitle || nzExtra || tab\">\n  <div class=\"ant-card-head-wrapper\">\n    <div class=\"ant-card-head-title\" *ngIf=\"nzTitle\">\n      <ng-container *nzStringTemplateOutlet=\"nzTitle\">{{ nzTitle }}</ng-container>\n    </div>\n    <div class=\"ant-card-extra\" *ngIf=\"nzExtra\">\n      <ng-container *nzStringTemplateOutlet=\"nzExtra\">{{ nzExtra }}</ng-container>\n    </div>\n  </div>\n  <ng-container *ngIf=\"tab\">\n    <ng-template [ngTemplateOutlet]=\"tab.template\"></ng-template>\n  </ng-container>\n</div>\n<div class=\"ant-card-cover\" *ngIf=\"nzCover\">\n  <ng-template [ngTemplateOutlet]=\"nzCover\"></ng-template>\n</div>\n<div class=\"ant-card-body\" [ngStyle]=\"nzBodyStyle\">\n  <ng-container *ngIf=\"!nzLoading\">\n    <ng-content></ng-content>\n  </ng-container>\n  <nz-card-loading *ngIf=\"nzLoading\"></nz-card-loading>\n</div>\n<ul class=\"ant-card-actions\" *ngIf=\"nzActions.length\">\n  <li *ngFor=\"let action of nzActions\" [style.width.%]=\"100 / nzActions.length\">\n    <span><ng-template [ngTemplateOutlet]=\"action\"></ng-template></span>\n  </li>\n</ul>"}]}],"members":{"nzBordered":[{"__symbolic":"property","decorators":[{"__symbolic":"call","expression":{"__symbolic":"reference","module":"@angular/core","name":"Input","line":51,"character":3}},{"__symbolic":"call","expression":{"__symbolic":"reference","module":"ng-zorro-antd/core","name":"WithConfig","line":51,"character":12},"arguments":["card",true]},{"__symbolic":"call","expression":{"__symbolic":"reference","module":"ng-zorro-antd/core","name":"InputBoolean","line":51,"character":56}}]}],"nzLoading":[{"__symbolic":"property","decorators":[{"__symbolic":"call","expression":{"__symbolic":"reference","module":"@angular/core","name":"Input","line":52,"character":3}},{"__symbolic":"call","expression":{"__symbolic":"reference","module":"ng-zorro-antd/core","name":"InputBoolean","line":52,"character":12}}]}],"nzHoverable":[{"__symbolic":"property","decorators":[{"__symbolic":"call","expression":{"__symbolic":"reference","module":"@angular/core","name":"Input","line":53,"character":3}},{"__symbolic":"call","expression":{"__symbolic":"reference","module":"ng-zorro-antd/core","name":"WithConfig","line":53,"character":12},"arguments":["card",false]},{"__symbolic":"call","expression":{"__symbolic":"reference","module":"ng-zorro-antd/core","name":"InputBoolean","line":53,"character":57}}]}],"nzBodyStyle":[{"__symbolic":"property","decorators":[{"__symbolic":"call","expression":{"__symbolic":"reference","module":"@angular/core","name":"Input","line":54,"character":3}}]}],"nzCover":[{"__symbolic":"property","decorators":[{"__symbolic":"call","expression":{"__symbolic":"reference","module":"@angular/core","name":"Input","line":55,"character":3}}]}],"nzActions":[{"__symbolic":"property","decorators":[{"__symbolic":"call","expression":{"__symbolic":"reference","module":"@angular/core","name":"Input","line":56,"character":3}}]}],"nzType":[{"__symbolic":"property","decorators":[{"__symbolic":"call","expression":{"__symbolic":"reference","module":"@angular/core","name":"Input","line":57,"character":3}}]}],"nzSize":[{"__symbolic":"property","decorators":[{"__symbolic":"call","expression":{"__symbolic":"reference","module":"@angular/core","name":"Input","line":58,"character":3}},{"__symbolic":"call","expression":{"__symbolic":"reference","module":"ng-zorro-antd/core","name":"WithConfig","line":58,"character":12},"arguments":["card","default"]}]}],"nzTitle":[{"__symbolic":"property","decorators":[{"__symbolic":"call","expression":{"__symbolic":"reference","module":"@angular/core","name":"Input","line":59,"character":3}}]}],"nzExtra":[{"__symbolic":"property","decorators":[{"__symbolic":"call","expression":{"__symbolic":"reference","module":"@angular/core","name":"Input","line":60,"character":3}}]}],"tab":[{"__symbolic":"property","decorators":[{"__symbolic":"call","expression":{"__symbolic":"reference","module":"@angular/core","name":"ContentChild","line":61,"character":3},"arguments":[{"__symbolic":"reference","name":"NzCardTabComponent"},{"static":false}]}]}],"grids":[{"__symbolic":"property","decorators":[{"__symbolic":"call","expression":{"__symbolic":"reference","module":"@angular/core","name":"ContentChildren","line":62,"character":3},"arguments":[{"__symbolic":"reference","name":"NzCardGridDirective"}]}]}],"__ctor__":[{"__symbolic":"constructor","parameters":[{"__symbolic":"reference","module":"ng-zorro-antd/core","name":"NzConfigService","line":64,"character":38},{"__symbolic":"reference","module":"@angular/core","name":"Renderer2","line":64,"character":65},{"__symbolic":"reference","module":"@angular/core","name":"ElementRef","line":64,"character":88}]}]}},"NzCardModule":{"__symbolic":"class","decorators":[{"__symbolic":"call","expression":{"__symbolic":"reference","module":"@angular/core","name":"NgModule","line":18,"character":1},"arguments":[{"imports":[{"__symbolic":"reference","module":"@angular/common","name":"CommonModule","line":19,"character":12},{"__symbolic":"reference","module":"ng-zorro-antd/core","name":"NzAddOnModule","line":19,"character":26}],"declarations":[{"__symbolic":"reference","name":"NzCardComponent"},{"__symbolic":"reference","name":"NzCardGridDirective"},{"__symbolic":"reference","name":"NzCardMetaComponent"},{"__symbolic":"reference","name":"NzCardLoadingComponent"},{"__symbolic":"reference","name":"NzCardTabComponent"}],"exports":[{"__symbolic":"reference","name":"NzCardComponent"},{"__symbolic":"reference","name":"NzCardGridDirective"},{"__symbolic":"reference","name":"NzCardMetaComponent"},{"__symbolic":"reference","name":"NzCardLoadingComponent"},{"__symbolic":"reference","name":"NzCardTabComponent"}]}]}],"members":{}},"NzCardLoadingComponent":{"__symbolic":"class","decorators":[{"__symbolic":"call","expression":{"__symbolic":"reference","module":"@angular/core","name":"Component","line":10,"character":1},"arguments":[{"selector":"nz-card-loading","exportAs":"nzCardLoading","preserveWhitespaces":false,"changeDetection":{"__symbolic":"select","expression":{"__symbolic":"reference","module":"@angular/core","name":"ChangeDetectionStrategy","line":15,"character":19},"member":"OnPush"},"encapsulation":{"__symbolic":"select","expression":{"__symbolic":"reference","module":"@angular/core","name":"ViewEncapsulation","line":16,"character":17},"member":"None"},"styles":["\n      nz-card-loading {\n        display: block;\n      }\n    "],"template":"<div class=\"ant-card-loading-content\">\n  <div class=\"ant-row\" style=\"margin-left: -4px; margin-right: -4px;\">\n    <div class=\"ant-col-22\" style=\"padding-left: 4px; padding-right: 4px;\">\n      <div class=\"ant-card-loading-block\"></div>\n    </div>\n  </div>\n  <div class=\"ant-row\" style=\"margin-left: -4px; margin-right: -4px;\">\n    <div class=\"ant-col-8\" style=\"padding-left: 4px; padding-right: 4px;\">\n      <div class=\"ant-card-loading-block\"></div>\n    </div>\n    <div class=\"ant-col-15\" style=\"padding-left: 4px; padding-right: 4px;\">\n      <div class=\"ant-card-loading-block\"></div>\n    </div>\n  </div>\n  <div class=\"ant-row\" style=\"margin-left: -4px; margin-right: -4px;\">\n    <div class=\"ant-col-6\" style=\"padding-left: 4px; padding-right: 4px;\">\n      <div class=\"ant-card-loading-block\"></div>\n    </div>\n    <div class=\"ant-col-18\" style=\"padding-left: 4px; padding-right: 4px;\">\n      <div class=\"ant-card-loading-block\"></div>\n    </div>\n  </div>\n  <div class=\"ant-row\" style=\"margin-left: -4px; margin-right: -4px;\">\n    <div class=\"ant-col-13\" style=\"padding-left: 4px; padding-right: 4px;\">\n      <div class=\"ant-card-loading-block\"></div>\n    </div>\n    <div class=\"ant-col-9\" style=\"padding-left: 4px; padding-right: 4px;\">\n      <div class=\"ant-card-loading-block\"></div>\n    </div>\n  </div>\n  <div class=\"ant-row\" style=\"margin-left: -4px; margin-right: -4px;\">\n    <div class=\"ant-col-4\" style=\"padding-left: 4px; padding-right: 4px;\">\n      <div class=\"ant-card-loading-block\"></div>\n    </div>\n    <div class=\"ant-col-3\" style=\"padding-left: 4px; padding-right: 4px;\">\n      <div class=\"ant-card-loading-block\"></div>\n    </div>\n    <div class=\"ant-col-16\" style=\"padding-left: 4px; padding-right: 4px;\">\n      <div class=\"ant-card-loading-block\"></div>\n    </div>\n  </div>\n  <div class=\"ant-row\" style=\"margin-left: -4px; margin-right: -4px;\">\n    <div class=\"ant-col-8\" style=\"padding-left: 4px; padding-right: 4px;\">\n      <div class=\"ant-card-loading-block\"></div>\n    </div>\n    <div class=\"ant-col-6\" style=\"padding-left: 4px; padding-right: 4px;\">\n      <div class=\"ant-card-loading-block\"></div>\n    </div>\n    <div class=\"ant-col-8\" style=\"padding-left: 4px; padding-right: 4px;\">\n      <div class=\"ant-card-loading-block\"></div>\n    </div>\n  </div>\n</div>"}]}],"members":{"__ctor__":[{"__symbolic":"constructor","parameters":[{"__symbolic":"reference","module":"@angular/core","name":"ElementRef","line":26,"character":26},{"__symbolic":"reference","module":"@angular/core","name":"Renderer2","line":26,"character":48}]}]}},"NzCardMetaComponent":{"__symbolic":"class","decorators":[{"__symbolic":"call","expression":{"__symbolic":"reference","module":"@angular/core","name":"Component","line":18,"character":1},"arguments":[{"selector":"nz-card-meta","exportAs":"nzCardMeta","preserveWhitespaces":false,"changeDetection":{"__symbolic":"select","expression":{"__symbolic":"reference","module":"@angular/core","name":"ChangeDetectionStrategy","line":22,"character":19},"member":"OnPush"},"encapsulation":{"__symbolic":"select","expression":{"__symbolic":"reference","module":"@angular/core","name":"ViewEncapsulation","line":23,"character":17},"member":"None"},"styles":["\n      nz-card-meta {\n        display: block;\n      }\n    "],"template":"<div class=\"ant-card-meta-avatar\" *ngIf=\"nzAvatar\">\n  <ng-template [ngTemplateOutlet]=\"nzAvatar\"></ng-template>\n</div>\n<div class=\"ant-card-meta-detail\" *ngIf=\"nzTitle || nzDescription\">\n  <div class=\"ant-card-meta-title\" *ngIf=\"nzTitle\">\n    <ng-container *nzStringTemplateOutlet=\"nzTitle\">{{ nzTitle }}</ng-container>\n  </div>\n  <div class=\"ant-card-meta-description\" *ngIf=\"nzDescription\">\n    <ng-container *nzStringTemplateOutlet=\"nzDescription\">{{ nzDescription }}</ng-container>\n  </div>\n</div>"}]}],"members":{"nzTitle":[{"__symbolic":"property","decorators":[{"__symbolic":"call","expression":{"__symbolic":"reference","module":"@angular/core","name":"Input","line":34,"character":3}}]}],"nzDescription":[{"__symbolic":"property","decorators":[{"__symbolic":"call","expression":{"__symbolic":"reference","module":"@angular/core","name":"Input","line":35,"character":3}}]}],"nzAvatar":[{"__symbolic":"property","decorators":[{"__symbolic":"call","expression":{"__symbolic":"reference","module":"@angular/core","name":"Input","line":36,"character":3}}]}],"__ctor__":[{"__symbolic":"constructor","parameters":[{"__symbolic":"reference","module":"@angular/core","name":"ElementRef","line":38,"character":26},{"__symbolic":"reference","module":"@angular/core","name":"Renderer2","line":38,"character":48}]}]}},"NzCardTabComponent":{"__symbolic":"class","decorators":[{"__symbolic":"call","expression":{"__symbolic":"reference","module":"@angular/core","name":"Component","line":10,"character":1},"arguments":[{"selector":"nz-card-tab","exportAs":"nzCardTab","encapsulation":{"__symbolic":"select","expression":{"__symbolic":"reference","module":"@angular/core","name":"ViewEncapsulation","line":13,"character":17},"member":"None"},"changeDetection":{"__symbolic":"select","expression":{"__symbolic":"reference","module":"@angular/core","name":"ChangeDetectionStrategy","line":14,"character":19},"member":"OnPush"},"template":"<ng-template>\n  <ng-content></ng-content>\n</ng-template>"}]}],"members":{"template":[{"__symbolic":"property","decorators":[{"__symbolic":"call","expression":{"__symbolic":"reference","module":"@angular/core","name":"ViewChild","line":18,"character":3},"arguments":[{"__symbolic":"reference","module":"@angular/core","name":"TemplateRef","line":18,"character":13},{"static":true}]}]}]}}},"origins":{"NzCardGridDirective":"./nz-card-grid.directive","NzCardComponent":"./nz-card.component","NzCardModule":"./nz-card.module","NzCardLoadingComponent":"./nz-card-loading.component","NzCardMetaComponent":"./nz-card-meta.component","NzCardTabComponent":"./nz-card-tab.component"},"importAs":"ng-zorro-antd/card"}