{"__symbolic":"module","version":4,"metadata":{"NzAffixComponent":{"__symbolic":"class","decorators":[{"__symbolic":"call","expression":{"__symbolic":"reference","module":"@angular/core","name":"Component","line":53,"character":1},"arguments":[{"selector":"nz-affix","exportAs":"nzAffix","changeDetection":{"__symbolic":"select","expression":{"__symbolic":"reference","module":"@angular/core","name":"ChangeDetectionStrategy","line":57,"character":19},"member":"OnPush"},"styles":["\n      nz-affix {\n        display: block;\n      }\n    "],"encapsulation":{"__symbolic":"select","expression":{"__symbolic":"reference","module":"@angular/core","name":"ViewEncapsulation","line":65,"character":17},"member":"None"},"template":"<div #fixedEl>\n  <ng-content></ng-content>\n</div>\n"}]}],"members":{"fixedEl":[{"__symbolic":"property","decorators":[{"__symbolic":"call","expression":{"__symbolic":"reference","module":"@angular/core","name":"ViewChild","line":68,"character":3},"arguments":["fixedEl",{"static":true}]}]}],"nzTarget":[{"__symbolic":"property","decorators":[{"__symbolic":"call","expression":{"__symbolic":"reference","module":"@angular/core","name":"Input","line":70,"character":3}}]}],"nzOffsetTop":[{"__symbolic":"property","decorators":[{"__symbolic":"call","expression":{"__symbolic":"reference","module":"@angular/core","name":"Input","line":72,"character":3}},{"__symbolic":"call","expression":{"__symbolic":"reference","module":"ng-zorro-antd/core","name":"WithConfig","line":73,"character":3},"arguments":["affix",0]},{"__symbolic":"call","expression":{"__symbolic":"reference","module":"ng-zorro-antd/core","name":"InputNumber","line":74,"character":3}}]}],"nzOffsetBottom":[{"__symbolic":"property","decorators":[{"__symbolic":"call","expression":{"__symbolic":"reference","module":"@angular/core","name":"Input","line":77,"character":3}},{"__symbolic":"call","expression":{"__symbolic":"reference","module":"ng-zorro-antd/core","name":"WithConfig","line":78,"character":3},"arguments":["affix",null]},{"__symbolic":"call","expression":{"__symbolic":"reference","module":"ng-zorro-antd/core","name":"InputNumber","line":79,"character":3}}]}],"nzChange":[{"__symbolic":"property","decorators":[{"__symbolic":"call","expression":{"__symbolic":"reference","module":"@angular/core","name":"Output","line":82,"character":3}}]}],"__ctor__":[{"__symbolic":"constructor","parameterDecorators":[null,[{"__symbolic":"call","expression":{"__symbolic":"reference","module":"@angular/core","name":"Inject","line":99,"character":5},"arguments":[{"__symbolic":"reference","module":"@angular/common","name":"DOCUMENT","line":99,"character":12}]}],null,null,null,null],"parameters":[{"__symbolic":"reference","module":"@angular/core","name":"ElementRef","line":98,"character":8},{"__symbolic":"reference","name":"any"},{"__symbolic":"reference","module":"ng-zorro-antd/core","name":"NzConfigService","line":100,"character":28},{"__symbolic":"reference","module":"ng-zorro-antd/core","name":"NzScrollService","line":101,"character":23},{"__symbolic":"reference","module":"@angular/core","name":"NgZone","line":102,"character":20},{"__symbolic":"reference","module":"@angular/cdk/platform","name":"Platform","line":103,"character":22}]}],"ngOnChanges":[{"__symbolic":"method"}],"ngAfterViewInit":[{"__symbolic":"method"}],"ngOnDestroy":[{"__symbolic":"method"}],"registerListeners":[{"__symbolic":"method"}],"removeListeners":[{"__symbolic":"method"}],"getOffset":[{"__symbolic":"method"}],"getTargetRect":[{"__symbolic":"method"}],"setAffixStyle":[{"__symbolic":"method"}],"setPlaceholderStyle":[{"__symbolic":"method"}],"syncPlaceholderStyle":[{"__symbolic":"method"}],"updatePosition":[{"__symbolic":"method"}]}},"NzAffixModule":{"__symbolic":"class","decorators":[{"__symbolic":"call","expression":{"__symbolic":"reference","module":"@angular/core","name":"NgModule","line":14,"character":1},"arguments":[{"declarations":[{"__symbolic":"reference","name":"NzAffixComponent"}],"exports":[{"__symbolic":"reference","name":"NzAffixComponent"}],"imports":[{"__symbolic":"reference","module":"@angular/common","name":"CommonModule","line":17,"character":12},{"__symbolic":"reference","module":"@angular/cdk/platform","name":"PlatformModule","line":17,"character":26}],"providers":[{"__symbolic":"reference","module":"ng-zorro-antd/core","name":"SCROLL_SERVICE_PROVIDER","line":18,"character":14}]}]}],"members":{}}},"origins":{"NzAffixComponent":"./nz-affix.component","NzAffixModule":"./nz-affix.module"},"importAs":"ng-zorro-antd/affix"}