{"__symbolic":"module","version":4,"metadata":{"NzAvatarComponent":{"__symbolic":"class","decorators":[{"__symbolic":"call","expression":{"__symbolic":"reference","module":"@angular/core","name":"Component","line":35,"character":1},"arguments":[{"selector":"nz-avatar","exportAs":"nzAvatar","providers":[{"__symbolic":"reference","module":"ng-zorro-antd/core","name":"NzUpdateHostClassService","line":39,"character":14}],"preserveWhitespaces":false,"changeDetection":{"__symbolic":"select","expression":{"__symbolic":"reference","module":"@angular/core","name":"ChangeDetectionStrategy","line":41,"character":19},"member":"OnPush"},"encapsulation":{"__symbolic":"select","expression":{"__symbolic":"reference","module":"@angular/core","name":"ViewEncapsulation","line":42,"character":17},"member":"None"},"template":"<i nz-icon *ngIf=\"nzIcon && hasIcon\" [nzType]=\"!oldAPIIcon && nzIcon\" [ngClass]=\"oldAPIIcon && nzIcon\"></i>\n<img *ngIf=\"nzSrc && hasSrc\" [src]=\"nzSrc\" [attr.srcset]=\"nzSrcSet\" [attr.alt]=\"nzAlt\" (error)=\"imgError($event)\"/>\n<span class=\"ant-avatar-string\" #textEl [ngStyle]=\"textStyles\" *ngIf=\"nzText && hasText\">{{ nzText }}</span>\n"}]}],"members":{"nzShape":[{"__symbolic":"property","decorators":[{"__symbolic":"call","expression":{"__symbolic":"reference","module":"@angular/core","name":"Input","line":45,"character":3}},{"__symbolic":"call","expression":{"__symbolic":"reference","module":"ng-zorro-antd/core","name":"WithConfig","line":45,"character":12},"arguments":["avatar","circle"]}]}],"nzSize":[{"__symbolic":"property","decorators":[{"__symbolic":"call","expression":{"__symbolic":"reference","module":"@angular/core","name":"Input","line":46,"character":3}},{"__symbolic":"call","expression":{"__symbolic":"reference","module":"ng-zorro-antd/core","name":"WithConfig","line":46,"character":12},"arguments":["avatar","default"]}]}],"nzText":[{"__symbolic":"property","decorators":[{"__symbolic":"call","expression":{"__symbolic":"reference","module":"@angular/core","name":"Input","line":47,"character":3}}]}],"nzSrc":[{"__symbolic":"property","decorators":[{"__symbolic":"call","expression":{"__symbolic":"reference","module":"@angular/core","name":"Input","line":48,"character":3}}]}],"nzSrcSet":[{"__symbolic":"property","decorators":[{"__symbolic":"call","expression":{"__symbolic":"reference","module":"@angular/core","name":"Input","line":49,"character":3}}]}],"nzAlt":[{"__symbolic":"property","decorators":[{"__symbolic":"call","expression":{"__symbolic":"reference","module":"@angular/core","name":"Input","line":50,"character":3}}]}],"nzIcon":[{"__symbolic":"property","decorators":[{"__symbolic":"call","expression":{"__symbolic":"reference","module":"@angular/core","name":"Input","line":51,"character":3}}]}],"nzError":[{"__symbolic":"property","decorators":[{"__symbolic":"call","expression":{"__symbolic":"reference","module":"@angular/core","name":"Output","line":52,"character":3}}]}],"textEl":[{"__symbolic":"property","decorators":[{"__symbolic":"call","expression":{"__symbolic":"reference","module":"@angular/core","name":"ViewChild","line":60,"character":3},"arguments":["textEl",{"static":false}]}]}],"__ctor__":[{"__symbolic":"constructor","parameters":[{"__symbolic":"reference","module":"ng-zorro-antd/core","name":"NzConfigService","line":67,"character":28},{"__symbolic":"reference","module":"@angular/core","name":"ElementRef","line":68,"character":24},{"__symbolic":"reference","module":"@angular/core","name":"ChangeDetectorRef","line":69,"character":16},{"__symbolic":"reference","module":"ng-zorro-antd/core","name":"NzUpdateHostClassService","line":70,"character":36},{"__symbolic":"reference","module":"@angular/core","name":"Renderer2","line":71,"character":22},{"__symbolic":"reference","module":"@angular/cdk/platform","name":"Platform","line":72,"character":22}]}],"setClass":[{"__symbolic":"method"}],"imgError":[{"__symbolic":"method"}],"ngOnChanges":[{"__symbolic":"method"}],"calcStringSize":[{"__symbolic":"method"}],"notifyCalc":[{"__symbolic":"method"}],"setSizeStyle":[{"__symbolic":"method"}]}},"NzAvatarModule":{"__symbolic":"class","decorators":[{"__symbolic":"call","expression":{"__symbolic":"reference","module":"@angular/core","name":"NgModule","line":14,"character":1},"arguments":[{"declarations":[{"__symbolic":"reference","name":"NzAvatarComponent"}],"exports":[{"__symbolic":"reference","name":"NzAvatarComponent"}],"imports":[{"__symbolic":"reference","module":"@angular/common","name":"CommonModule","line":17,"character":12},{"__symbolic":"reference","module":"ng-zorro-antd/icon","name":"NzIconModule","line":17,"character":26},{"__symbolic":"reference","module":"@angular/cdk/platform","name":"PlatformModule","line":17,"character":40}]}]}],"members":{}}},"origins":{"NzAvatarComponent":"./nz-avatar.component","NzAvatarModule":"./nz-avatar.module"},"importAs":"ng-zorro-antd/avatar"}