{"__symbolic":"module","version":4,"metadata":{"NzCalendarModule":{"__symbolic":"class","decorators":[{"__symbolic":"call","expression":{"__symbolic":"reference","module":"@angular/core","name":"NgModule","line":28,"character":1},"arguments":[{"declarations":[{"__symbolic":"reference","name":"NzCalendarHeaderComponent"},{"__symbolic":"reference","name":"NzCalendarComponent"},{"__symbolic":"reference","name":"NzDateCellDirective"},{"__symbolic":"reference","name":"NzDateFullCellDirective"},{"__symbolic":"reference","name":"NzMonthCellDirective"},{"__symbolic":"reference","name":"NzMonthFullCellDirective"},{"__symbolic":"reference","name":"DateTableComponent"},{"__symbolic":"reference","name":"DateTableCellComponent"},{"__symbolic":"reference","name":"MonthTableComponent"}],"exports":[{"__symbolic":"reference","name":"NzCalendarComponent"},{"__symbolic":"reference","name":"NzDateCellDirective"},{"__symbolic":"reference","name":"NzDateFullCellDirective"},{"__symbolic":"reference","name":"NzMonthCellDirective"},{"__symbolic":"reference","name":"NzMonthFullCellDirective"},{"__symbolic":"reference","name":"DateTableComponent"},{"__symbolic":"reference","name":"MonthTableComponent"}],"imports":[{"__symbolic":"reference","module":"@angular/common","name":"CommonModule","line":49,"character":12},{"__symbolic":"reference","module":"@angular/forms","name":"FormsModule","line":49,"character":26},{"__symbolic":"reference","module":"ng-zorro-antd/i18n","name":"NzI18nModule","line":49,"character":39},{"__symbolic":"reference","module":"ng-zorro-antd/radio","name":"NzRadioModule","line":49,"character":53},{"__symbolic":"reference","module":"ng-zorro-antd/select","name":"NzSelectModule","line":49,"character":68}]}]}],"members":{}},"ModeType":{"__symbolic":"interface"},"DateTemplate":{"__symbolic":"interface"},"NzCalendarComponent":{"__symbolic":"class","decorators":[{"__symbolic":"call","expression":{"__symbolic":"reference","module":"@angular/core","name":"Component","line":34,"character":1},"arguments":[{"encapsulation":{"__symbolic":"select","expression":{"__symbolic":"reference","module":"@angular/core","name":"ViewEncapsulation","line":35,"character":17},"member":"None"},"changeDetection":{"__symbolic":"select","expression":{"__symbolic":"reference","module":"@angular/core","name":"ChangeDetectionStrategy","line":36,"character":19},"member":"OnPush"},"selector":"nz-calendar","exportAs":"nzCalendar","providers":[{"provide":{"__symbolic":"reference","module":"@angular/forms","name":"NG_VALUE_ACCESSOR","line":40,"character":25},"useExisting":{"__symbolic":"reference","name":"NzCalendarComponent"},"multi":true}],"template":"<nz-calendar-header [fullscreen]=\"nzFullscreen\" [activeDate]=\"activeDate\" [(mode)]=\"nzMode\"\n  (modeChange)=\"onModeChange($event)\" (yearChange)=\"onYearSelect($event)\" (monthChange)=\"onMonthSelect($event)\">\n</nz-calendar-header>\n\n<div class=\"{{prefixCls}} {{prefixCls}}-full\" [class.ant-fullcalendar-fullscreen]=\"nzFullscreen\">\n  <div class=\"{{prefixCls}}-calendar-body\">\n    <ng-container *ngIf=\"nzMode === 'month' then monthModeTable else yearModeTable\"></ng-container>\n  </div>\n</div>\n\n<ng-template #monthModeTable>\n  <date-table [prefixCls]=\"prefixCls\" [value]=\"activeDate\" [dateCellRender]=\"dateCell\"\n    [dateFullCellRender]=\"dateFullCell\" (valueChange)=\"onDateSelect($event)\"></date-table>\n</ng-template>\n\n<ng-template #yearModeTable>\n  <month-table [prefixCls]=\"prefixCls\" [value]=\"activeDate\" [monthCellRender]=\"monthCell\"\n    [monthFullCellRender]=\"monthFullCell\" (valueChange)=\"onDateSelect($event)\"></month-table>\n</ng-template>"}]}],"members":{"nzMode":[{"__symbolic":"property","decorators":[{"__symbolic":"call","expression":{"__symbolic":"reference","module":"@angular/core","name":"Input","line":49,"character":3}}]}],"nzModeChange":[{"__symbolic":"property","decorators":[{"__symbolic":"call","expression":{"__symbolic":"reference","module":"@angular/core","name":"Output","line":51,"character":3}}]}],"nzPanelChange":[{"__symbolic":"property","decorators":[{"__symbolic":"call","expression":{"__symbolic":"reference","module":"@angular/core","name":"Output","line":52,"character":3}}]}],"nzSelectChange":[{"__symbolic":"property","decorators":[{"__symbolic":"call","expression":{"__symbolic":"reference","module":"@angular/core","name":"Output","line":53,"character":3}}]}],"nzValue":[{"__symbolic":"property","decorators":[{"__symbolic":"call","expression":{"__symbolic":"reference","module":"@angular/core","name":"Input","line":55,"character":3}}]}],"nzValueChange":[{"__symbolic":"property","decorators":[{"__symbolic":"call","expression":{"__symbolic":"reference","module":"@angular/core","name":"Output","line":58,"character":3}}]}],"nzDateCell":[{"__symbolic":"property","decorators":[{"__symbolic":"call","expression":{"__symbolic":"reference","module":"@angular/core","name":"Input","line":64,"character":3}}]}],"nzDateCellChild":[{"__symbolic":"property","decorators":[{"__symbolic":"call","expression":{"__symbolic":"reference","module":"@angular/core","name":"ContentChild","line":65,"character":3},"arguments":[{"__symbolic":"reference","name":"NzDateCellDirective"},{"static":false,"read":{"__symbolic":"reference","module":"@angular/core","name":"TemplateRef","line":65,"character":49}}]}]}],"nzDateFullCell":[{"__symbolic":"property","decorators":[{"__symbolic":"call","expression":{"__symbolic":"reference","module":"@angular/core","name":"Input","line":70,"character":3}}]}],"nzDateFullCellChild":[{"__symbolic":"property","decorators":[{"__symbolic":"call","expression":{"__symbolic":"reference","module":"@angular/core","name":"ContentChild","line":71,"character":3},"arguments":[{"__symbolic":"reference","name":"NzDateFullCellDirective"},{"static":false,"read":{"__symbolic":"reference","module":"@angular/core","name":"TemplateRef","line":71,"character":53}}]}]}],"nzMonthCell":[{"__symbolic":"property","decorators":[{"__symbolic":"call","expression":{"__symbolic":"reference","module":"@angular/core","name":"Input","line":76,"character":3}}]}],"nzMonthCellChild":[{"__symbolic":"property","decorators":[{"__symbolic":"call","expression":{"__symbolic":"reference","module":"@angular/core","name":"ContentChild","line":77,"character":3},"arguments":[{"__symbolic":"reference","name":"NzMonthCellDirective"},{"static":false,"read":{"__symbolic":"reference","module":"@angular/core","name":"TemplateRef","line":77,"character":50}}]}]}],"nzMonthFullCell":[{"__symbolic":"property","decorators":[{"__symbolic":"call","expression":{"__symbolic":"reference","module":"@angular/core","name":"Input","line":82,"character":3}}]}],"nzMonthFullCellChild":[{"__symbolic":"property","decorators":[{"__symbolic":"call","expression":{"__symbolic":"reference","module":"@angular/core","name":"ContentChild","line":83,"character":3},"arguments":[{"__symbolic":"reference","name":"NzMonthFullCellDirective"},{"static":false,"read":{"__symbolic":"reference","module":"@angular/core","name":"TemplateRef","line":83,"character":54}}]}]}],"nzFullscreen":[{"__symbolic":"property","decorators":[{"__symbolic":"call","expression":{"__symbolic":"reference","module":"@angular/core","name":"Input","line":88,"character":3}},{"__symbolic":"call","expression":{"__symbolic":"reference","module":"ng-zorro-antd/core","name":"InputBoolean","line":89,"character":3}},{"__symbolic":"call","expression":{"__symbolic":"reference","module":"@angular/core","name":"HostBinding","line":90,"character":3},"arguments":["class.ant-fullcalendar--fullscreen"]}]}],"nzCard":[{"__symbolic":"property","decorators":[{"__symbolic":"call","expression":{"__symbolic":"reference","module":"@angular/core","name":"Input","line":96,"character":3}}]}],"__ctor__":[{"__symbolic":"constructor","parameters":[{"__symbolic":"reference","module":"@angular/core","name":"ChangeDetectorRef","line":105,"character":27}]}],"onModeChange":[{"__symbolic":"method"}],"onYearSelect":[{"__symbolic":"method"}],"onMonthSelect":[{"__symbolic":"method"}],"onDateSelect":[{"__symbolic":"method"}],"writeValue":[{"__symbolic":"method"}],"registerOnChange":[{"__symbolic":"method"}],"registerOnTouched":[{"__symbolic":"method"}],"updateDate":[{"__symbolic":"method"}]}},"NzDateCellDirective":{"__symbolic":"class","decorators":[{"__symbolic":"call","expression":{"__symbolic":"reference","module":"@angular/core","name":"Directive","line":10,"character":1},"arguments":[{"selector":"[nzDateCell]","exportAs":"nzDateCell"}]}],"members":{}},"NzMonthCellDirective":{"__symbolic":"class","decorators":[{"__symbolic":"call","expression":{"__symbolic":"reference","module":"@angular/core","name":"Directive","line":16,"character":1},"arguments":[{"selector":"[nzMonthCell]","exportAs":"nzMonthCell"}]}],"members":{}},"NzDateFullCellDirective":{"__symbolic":"class","decorators":[{"__symbolic":"call","expression":{"__symbolic":"reference","module":"@angular/core","name":"Directive","line":22,"character":1},"arguments":[{"selector":"[nzDateFullCell]","exportAs":"nzDateFullCell"}]}],"members":{}},"NzMonthFullCellDirective":{"__symbolic":"class","decorators":[{"__symbolic":"call","expression":{"__symbolic":"reference","module":"@angular/core","name":"Directive","line":28,"character":1},"arguments":[{"selector":"[nzMonthFullCell]","exportAs":"nzMonthFullCell"}]}],"members":{}},"NzCalendarHeaderComponent":{"__symbolic":"class","decorators":[{"__symbolic":"call","expression":{"__symbolic":"reference","module":"@angular/core","name":"Component","line":20,"character":1},"arguments":[{"encapsulation":{"__symbolic":"select","expression":{"__symbolic":"reference","module":"@angular/core","name":"ViewEncapsulation","line":21,"character":17},"member":"None"},"changeDetection":{"__symbolic":"select","expression":{"__symbolic":"reference","module":"@angular/core","name":"ChangeDetectionStrategy","line":22,"character":19},"member":"OnPush"},"selector":"nz-calendar-header","exportAs":"nzCalendarHeader","host":{"[style.display]":"'block'","[class.ant-fullcalendar-header]":"true","$quoted$":["[style.display]","[class.ant-fullcalendar-header]"]},"template":"<nz-select class=\"ant-fullcalendar-year-select\" [nzSize]=\"size\" [nzDropdownMatchSelectWidth]=\"false\"\n           [ngModel]=\"activeYear\" (ngModelChange)=\"updateYear($event)\"> \n  <nz-option *ngFor=\"let year of years\" [nzLabel]=\"year.label\" [nzValue]=\"year.value\"></nz-option>\n</nz-select>\n\n<nz-select *ngIf=\"mode === 'month'\" class=\"ant-fullcalendar-month-select\" [nzSize]=\"size\" [nzDropdownMatchSelectWidth]=\"false\"\n           [ngModel]=\"activeMonth\" (ngModelChange)=\"monthChange.emit($event)\">\n  <nz-option *ngFor=\"let month of months\" [nzLabel]=\"month.label\" [nzValue]=\"month.value\"></nz-option>\n</nz-select>\n\n<nz-radio-group [(ngModel)]=\"mode\" (ngModelChange)=\"modeChange.emit($event)\" [nzSize]=\"size\">\n  <label nz-radio-button nzValue=\"month\">{{ monthTypeText }}</label>\n  <label nz-radio-button nzValue=\"year\">{{ yearTypeText }}</label>\n</nz-radio-group>\n"}]}],"members":{"mode":[{"__symbolic":"property","decorators":[{"__symbolic":"call","expression":{"__symbolic":"reference","module":"@angular/core","name":"Input","line":32,"character":3}}]}],"fullscreen":[{"__symbolic":"property","decorators":[{"__symbolic":"call","expression":{"__symbolic":"reference","module":"@angular/core","name":"Input","line":33,"character":3}}]}],"modeChange":[{"__symbolic":"property","decorators":[{"__symbolic":"call","expression":{"__symbolic":"reference","module":"@angular/core","name":"Output","line":35,"character":3}}]}],"activeDate":[{"__symbolic":"property","decorators":[{"__symbolic":"call","expression":{"__symbolic":"reference","module":"@angular/core","name":"Input","line":37,"character":3}}]}],"yearChange":[{"__symbolic":"property","decorators":[{"__symbolic":"call","expression":{"__symbolic":"reference","module":"@angular/core","name":"Output","line":39,"character":3}}]}],"monthChange":[{"__symbolic":"property","decorators":[{"__symbolic":"call","expression":{"__symbolic":"reference","module":"@angular/core","name":"Output","line":40,"character":3}}]}],"__ctor__":[{"__symbolic":"constructor","parameters":[{"__symbolic":"reference","module":"ng-zorro-antd/i18n","name":"NzI18nService","line":68,"character":28},{"__symbolic":"reference","module":"ng-zorro-antd/i18n","name":"DateHelperService","line":68,"character":54}]}],"ngOnInit":[{"__symbolic":"method"}],"updateYear":[{"__symbolic":"method"}],"setUpYears":[{"__symbolic":"method"}],"setUpMonths":[{"__symbolic":"method"}]}},"DateTableCellComponent":{"__symbolic":"class","decorators":[{"__symbolic":"call","expression":{"__symbolic":"reference","module":"@angular/core","name":"Component","line":12,"character":1},"arguments":[{"selector":"[date-table-cell]","exportAs":"dateTableCell","styles":[],"template":"<ng-container [ngSwitch]=\"prefixCls\">\n  <ng-container *ngSwitchCase=\"'ant-calendar'\">\n    <ng-container [ngSwitch]=\"true\">\n      <ng-container *ngSwitchCase=\"isTemplateRef(cell.dateCellRender)\">\n        <ng-container *ngTemplateOutlet=\"cell.dateCellRender; context: { $implicit: cell.value }\"></ng-container>\n      </ng-container>\n      <ng-container *ngSwitchCase=\"isNonEmptyString(cell.dateCellRender)\">\n        <span [innerHTML]=\"cell.dateCellRender\"></span>\n      </ng-container>\n      <ng-container *ngSwitchDefault>\n        <div class=\"{{ prefixCls }}-date\" [attr.aria-selected]=\"cell.isSelected\" [attr.aria-disabled]=\"cell.isDisabled\">\n          {{ cell.content }}\n        </div>\n      </ng-container>\n    </ng-container>\n  </ng-container>\n  <ng-container *ngSwitchCase=\"'ant-fullcalendar'\">\n    <div class=\"ant-fullcalendar-date\">\n      <ng-container *ngIf=\"cell.dateFullCellRender else defaultCell\">\n        <ng-container *ngTemplateOutlet=\"cell.dateFullCellRender; context: {$implicit: cell.value}\"></ng-container>\n      </ng-container>\n      <ng-template #defaultCell>\n        <div class=\"{{ prefixCls }}-value\">{{ cell.content }}</div>\n        <div *ngIf=\"cell.dateCellRender\" class=\"{{ prefixCls }}-content\">\n          <ng-container *ngTemplateOutlet=\"cell.dateCellRender; context: {$implicit: cell.value}\"></ng-container>\n        </div>\n      </ng-template>\n    </div>\n  </ng-container>\n</ng-container>"}]}],"members":{"prefixCls":[{"__symbolic":"property","decorators":[{"__symbolic":"call","expression":{"__symbolic":"reference","module":"@angular/core","name":"Input","line":23,"character":3}}]}],"cell":[{"__symbolic":"property","decorators":[{"__symbolic":"call","expression":{"__symbolic":"reference","module":"@angular/core","name":"Input","line":24,"character":3}}]}]}},"DateTableComponent":{"__symbolic":"class","decorators":[{"__symbolic":"call","expression":{"__symbolic":"reference","module":"@angular/core","name":"Component","line":28,"character":1},"arguments":[{"encapsulation":{"__symbolic":"select","expression":{"__symbolic":"reference","module":"@angular/core","name":"ViewEncapsulation","line":29,"character":17},"member":"None"},"changeDetection":{"__symbolic":"select","expression":{"__symbolic":"reference","module":"@angular/core","name":"ChangeDetectionStrategy","line":30,"character":19},"member":"OnPush"},"selector":"date-table","exportAs":"dateTable","template":"<table class=\"{{ prefixCls }}-table\" cellSpacing=\"0\" role=\"grid\">\n  <thead>\n    <tr role=\"row\">\n      <th *ngIf=\"showWeek\" role=\"columnheader\" class=\"{{ prefixCls }}-column-header {{ prefixCls }}-week-number-header\">\n        <span class=\"{{ prefixCls }}-column-header-inner\">x</span>\n      </th>\n      <th *ngFor=\"let cell of headWeekDays\" role=\"columnheader\" title=\"{{ cell.short }}\"\n        class=\"{{ prefixCls }}-column-header\">\n        <span class=\"{{ prefixCls }}-column-header-inner\">{{ cell.veryShort }}</span>\n      </th>\n    </tr>\n  </thead>\n  <tbody class=\"{{ prefixCls }}-tbody\">\n    <tr *ngFor=\"let row of weekRows;trackBy:trackByWeekFn\" [ngClass]=\"row.classMap\" role=\"row\">\n      <td *ngIf=\"row.weekNum\" role=\"gridcell\" class=\"{{ prefixCls }}-week-number-cell\">\n        {{ row.weekNum }}\n      </td>\n      <td *ngFor=\"let cell of row.dateCells;trackBy:trackByDateFn\" title=\"{{ cell.title }}\" role=\"gridcell\" [ngClass]=\"cell.classMap\"\n        (click)=\"cell.isDisabled ? null : cell.onClick()\" (mouseenter)=\"cell.isDisabled ? null : cell.onMouseEnter()\"\n        date-table-cell [prefixCls]=\"prefixCls\" [cell]=\"cell\">\n      </td>\n    </tr>\n  </tbody>\n</table>"}]}],"members":{"prefixCls":[{"__symbolic":"property","decorators":[{"__symbolic":"call","expression":{"__symbolic":"reference","module":"@angular/core","name":"Input","line":41,"character":3}}]}],"locale":[{"__symbolic":"property","decorators":[{"__symbolic":"call","expression":{"__symbolic":"reference","module":"@angular/core","name":"Input","line":42,"character":3}}]}],"selectedValue":[{"__symbolic":"property","decorators":[{"__symbolic":"call","expression":{"__symbolic":"reference","module":"@angular/core","name":"Input","line":43,"character":3}}]}],"hoverValue":[{"__symbolic":"property","decorators":[{"__symbolic":"call","expression":{"__symbolic":"reference","module":"@angular/core","name":"Input","line":44,"character":3}}]}],"value":[{"__symbolic":"property","decorators":[{"__symbolic":"call","expression":{"__symbolic":"reference","module":"@angular/core","name":"Input","line":46,"character":3}}]}],"activeDate":[{"__symbolic":"property","decorators":[{"__symbolic":"call","expression":{"__symbolic":"reference","module":"@angular/core","name":"Input","line":56,"character":3}}]}],"showWeek":[{"__symbolic":"property","decorators":[{"__symbolic":"call","expression":{"__symbolic":"reference","module":"@angular/core","name":"Input","line":57,"character":3}}]}],"disabledDate":[{"__symbolic":"property","decorators":[{"__symbolic":"call","expression":{"__symbolic":"reference","module":"@angular/core","name":"Input","line":58,"character":3}}]}],"dateCellRender":[{"__symbolic":"property","decorators":[{"__symbolic":"call","expression":{"__symbolic":"reference","module":"@angular/core","name":"Input","line":59,"character":3}}]}],"dateFullCellRender":[{"__symbolic":"property","decorators":[{"__symbolic":"call","expression":{"__symbolic":"reference","module":"@angular/core","name":"Input","line":60,"character":3}}]}],"dayHover":[{"__symbolic":"property","decorators":[{"__symbolic":"call","expression":{"__symbolic":"reference","module":"@angular/core","name":"Output","line":62,"character":3}}]}],"valueChange":[{"__symbolic":"property","decorators":[{"__symbolic":"call","expression":{"__symbolic":"reference","module":"@angular/core","name":"Output","line":63,"character":3}}]}],"__ctor__":[{"__symbolic":"constructor","parameters":[{"__symbolic":"reference","module":"ng-zorro-antd/i18n","name":"NzI18nService","line":65,"character":28},{"__symbolic":"reference","module":"ng-zorro-antd/i18n","name":"DateHelperService","line":65,"character":63}]}],"ngOnInit":[{"__symbolic":"method"}],"ngOnChanges":[{"__symbolic":"method"}],"isDateRealChange":[{"__symbolic":"method"}],"isSameDate":[{"__symbolic":"method"}],"render":[{"__symbolic":"method"}],"changeValueFromInside":[{"__symbolic":"method"}],"makeHeadWeekDays":[{"__symbolic":"method"}],"getVeryShortWeekFormat":[{"__symbolic":"method"}],"makeWeekRows":[{"__symbolic":"method"}],"trackByDateFn":[{"__symbolic":"method"}],"trackByWeekFn":[{"__symbolic":"method"}]}},"MonthTableComponent":{"__symbolic":"class","decorators":[{"__symbolic":"call","expression":{"__symbolic":"reference","module":"@angular/core","name":"Component","line":26,"character":1},"arguments":[{"encapsulation":{"__symbolic":"select","expression":{"__symbolic":"reference","module":"@angular/core","name":"ViewEncapsulation","line":27,"character":17},"member":"None"},"changeDetection":{"__symbolic":"select","expression":{"__symbolic":"reference","module":"@angular/core","name":"ChangeDetectionStrategy","line":28,"character":19},"member":"OnPush"},"selector":"month-table","exportAs":"monthTable","template":"<table class=\"{{ prefixCls }}-month-panel-table\" cellSpacing=\"0\" role=\"grid\">\n  <tbody class=\"{{ prefixCls }}-month-panel-tbody\">\n    <tr *ngFor=\"let row of panelMonths; trackBy: trackYear\" role=\"row\">\n      <td *ngFor=\"let monthCell of row; trackBy: trackPanelMonth\" role=\"gridcell\" title=\"{{ monthCell.title }}\"\n        (click)=\"monthCell.disabled ? null : monthCell.onClick()\" [ngClass]=\"monthCell.classMap\">\n        <ng-container [ngSwitch]=\"prefixCls\">\n          <ng-container *ngSwitchCase=\"'ant-fullcalendar'\">\n            <div class=\"{{ prefixCls }}-month\">\n              <ng-container *ngIf=\"monthFullCellRender else defaultCell\">\n                <ng-container *ngTemplateOutlet=\"monthFullCellRender; context: { $implicit: monthCell.value }\">\n                </ng-container>\n              </ng-container>\n              <ng-template #defaultCell>\n                <div class=\"{{prefixCls}}-value\">{{ monthCell.content }}</div>\n                <div *ngIf=\"monthCellRender\" class=\"{{prefixCls}}-content\">\n                  <ng-container *ngTemplateOutlet=\"monthCellRender; context: { $implicit: monthCell.value }\">\n                  </ng-container>\n                </div>\n              </ng-template>\n            </div>\n          </ng-container>\n          <ng-container *ngSwitchCase=\"'ant-calendar'\">\n            <a class=\"{{ prefixCls }}-month-panel-month\">{{ monthCell.content }}</a>\n          </ng-container>\n        </ng-container>\n      </td>\n    </tr>\n  </tbody>\n</table>"}]}],"members":{"value":[{"__symbolic":"property","decorators":[{"__symbolic":"call","expression":{"__symbolic":"reference","module":"@angular/core","name":"Input","line":35,"character":3}}]}],"prefixCls":[{"__symbolic":"property","decorators":[{"__symbolic":"call","expression":{"__symbolic":"reference","module":"@angular/core","name":"Input","line":36,"character":3}}]}],"monthCellRender":[{"__symbolic":"property","decorators":[{"__symbolic":"call","expression":{"__symbolic":"reference","module":"@angular/core","name":"Input","line":37,"character":3}}]}],"monthFullCellRender":[{"__symbolic":"property","decorators":[{"__symbolic":"call","expression":{"__symbolic":"reference","module":"@angular/core","name":"Input","line":38,"character":3}}]}],"valueChange":[{"__symbolic":"property","decorators":[{"__symbolic":"call","expression":{"__symbolic":"reference","module":"@angular/core","name":"Output","line":39,"character":3}}]}],"disabledDate":[{"__symbolic":"property","decorators":[{"__symbolic":"call","expression":{"__symbolic":"reference","module":"@angular/core","name":"Input","line":41,"character":3}}]}],"__ctor__":[{"__symbolic":"constructor","parameters":[{"__symbolic":"reference","module":"ng-zorro-antd/i18n","name":"DateHelperService","line":45,"character":34}]}],"ngOnChanges":[{"__symbolic":"method"}],"trackYear":[{"__symbolic":"method"}],"trackPanelMonth":[{"__symbolic":"method"}],"render":[{"__symbolic":"method"}],"makePanelMonths":[{"__symbolic":"method"}],"chooseMonth":[{"__symbolic":"method"}]}}},"origins":{"NzCalendarModule":"./nz-calendar.module","ModeType":"./nz-calendar.component","DateTemplate":"./nz-calendar.component","NzCalendarComponent":"./nz-calendar.component","NzDateCellDirective":"./nz-calendar-cells","NzMonthCellDirective":"./nz-calendar-cells","NzDateFullCellDirective":"./nz-calendar-cells","NzMonthFullCellDirective":"./nz-calendar-cells","NzCalendarHeaderComponent":"./nz-calendar-header.component","DateTableCellComponent":"./date-table-cell.component","DateTableComponent":"./date-table.component","MonthTableComponent":"./month-table.component"},"importAs":"ng-zorro-antd/calendar"}