{"__symbolic":"module","version":4,"metadata":{"NzDividerComponent":{"__symbolic":"class","decorators":[{"__symbolic":"call","expression":{"__symbolic":"reference","module":"@angular/core","name":"Component","line":21,"character":1},"arguments":[{"selector":"nz-divider","exportAs":"nzDivider","preserveWhitespaces":false,"providers":[{"__symbolic":"reference","module":"ng-zorro-antd/core","name":"NzUpdateHostClassService","line":26,"character":14}],"encapsulation":{"__symbolic":"select","expression":{"__symbolic":"reference","module":"@angular/core","name":"ViewEncapsulation","line":27,"character":17},"member":"None"},"changeDetection":{"__symbolic":"select","expression":{"__symbolic":"reference","module":"@angular/core","name":"ChangeDetectionStrategy","line":28,"character":19},"member":"OnPush"},"template":"<span *ngIf=\"nzText\" class=\"ant-divider-inner-text\">\n  <ng-container *nzStringTemplateOutlet=\"nzText\">{{ nzText }}</ng-container>\n</span>"}]}],"members":{"nzText":[{"__symbolic":"property","decorators":[{"__symbolic":"call","expression":{"__symbolic":"reference","module":"@angular/core","name":"Input","line":31,"character":3}}]}],"nzType":[{"__symbolic":"property","decorators":[{"__symbolic":"call","expression":{"__symbolic":"reference","module":"@angular/core","name":"Input","line":32,"character":3}}]}],"nzOrientation":[{"__symbolic":"property","decorators":[{"__symbolic":"call","expression":{"__symbolic":"reference","module":"@angular/core","name":"Input","line":33,"character":3}}]}],"nzDashed":[{"__symbolic":"property","decorators":[{"__symbolic":"call","expression":{"__symbolic":"reference","module":"@angular/core","name":"Input","line":34,"character":3}},{"__symbolic":"call","expression":{"__symbolic":"reference","module":"ng-zorro-antd/core","name":"InputBoolean","line":34,"character":12}}]}],"setClass":[{"__symbolic":"method"}],"__ctor__":[{"__symbolic":"constructor","parameters":[{"__symbolic":"reference","module":"@angular/core","name":"ElementRef","line":45,"character":34},{"__symbolic":"reference","module":"ng-zorro-antd/core","name":"NzUpdateHostClassService","line":45,"character":80}]}],"ngOnChanges":[{"__symbolic":"method"}],"ngOnInit":[{"__symbolic":"method"}]}},"NzDividerModule":{"__symbolic":"class","decorators":[{"__symbolic":"call","expression":{"__symbolic":"reference","module":"@angular/core","name":"NgModule","line":13,"character":1},"arguments":[{"imports":[{"__symbolic":"reference","module":"@angular/common","name":"CommonModule","line":14,"character":12},{"__symbolic":"reference","module":"ng-zorro-antd/core","name":"NzAddOnModule","line":14,"character":26}],"declarations":[{"__symbolic":"reference","name":"NzDividerComponent"}],"exports":[{"__symbolic":"reference","name":"NzDividerComponent"}]}]}],"members":{}}},"origins":{"NzDividerComponent":"./nz-divider.component","NzDividerModule":"./nz-divider.module"},"importAs":"ng-zorro-antd/divider"}