{"__symbolic":"module","version":4,"metadata":{"NzBackTopComponent":{"__symbolic":"class","decorators":[{"__symbolic":"call","expression":{"__symbolic":"reference","module":"@angular/core","name":"Component","line":30,"character":1},"arguments":[{"selector":"nz-back-top","exportAs":"nzBackTop","animations":[{"__symbolic":"reference","module":"ng-zorro-antd/core","name":"fadeMotion","line":33,"character":15}],"changeDetection":{"__symbolic":"select","expression":{"__symbolic":"reference","module":"@angular/core","name":"ChangeDetectionStrategy","line":35,"character":19},"member":"OnPush"},"encapsulation":{"__symbolic":"select","expression":{"__symbolic":"reference","module":"@angular/core","name":"ViewEncapsulation","line":36,"character":17},"member":"None"},"preserveWhitespaces":false,"template":"<div class=\"ant-back-top\" (click)=\"clickBackTop()\" @fadeMotion *ngIf=\"visible\">\n  <ng-template #defaultContent>\n    <div class=\"ant-back-top-content\">\n      <div class=\"ant-back-top-icon\"></div>\n    </div>\n  </ng-template>\n  <ng-template [ngTemplateOutlet]=\"nzTemplate || defaultContent\"></ng-template>\n</div>"}]}],"members":{"nzTemplate":[{"__symbolic":"property","decorators":[{"__symbolic":"call","expression":{"__symbolic":"reference","module":"@angular/core","name":"Input","line":45,"character":3}}]}],"nzVisibilityHeight":[{"__symbolic":"property","decorators":[{"__symbolic":"call","expression":{"__symbolic":"reference","module":"@angular/core","name":"Input","line":46,"character":3}},{"__symbolic":"call","expression":{"__symbolic":"reference","module":"ng-zorro-antd/core","name":"WithConfig","line":46,"character":12},"arguments":["backTop",400]},{"__symbolic":"call","expression":{"__symbolic":"reference","module":"ng-zorro-antd/core","name":"InputNumber","line":46,"character":55}}]}],"nzTarget":[{"__symbolic":"property","decorators":[{"__symbolic":"call","expression":{"__symbolic":"reference","module":"@angular/core","name":"Input","line":48,"character":3}}]}],"nzClick":[{"__symbolic":"property","decorators":[{"__symbolic":"call","expression":{"__symbolic":"reference","module":"@angular/core","name":"Output","line":54,"character":3}}]}],"__ctor__":[{"__symbolic":"constructor","parameterDecorators":[null,null,[{"__symbolic":"call","expression":{"__symbolic":"reference","module":"@angular/core","name":"Inject","line":60,"character":5},"arguments":[{"__symbolic":"reference","module":"@angular/common","name":"DOCUMENT","line":60,"character":12}]}],null,null],"parameters":[{"__symbolic":"reference","module":"ng-zorro-antd/core","name":"NzConfigService","line":57,"character":28},{"__symbolic":"reference","module":"ng-zorro-antd/core","name":"NzScrollService","line":58,"character":23},{"__symbolic":"reference","name":"any"},{"__symbolic":"reference","module":"@angular/cdk/platform","name":"Platform","line":61,"character":22},{"__symbolic":"reference","module":"@angular/core","name":"ChangeDetectorRef","line":62,"character":16}]}],"ngOnInit":[{"__symbolic":"method"}],"clickBackTop":[{"__symbolic":"method"}],"getTarget":[{"__symbolic":"method"}],"handleScroll":[{"__symbolic":"method"}],"removeListen":[{"__symbolic":"method"}],"registerScrollEvent":[{"__symbolic":"method"}],"ngOnDestroy":[{"__symbolic":"method"}]}},"NzBackTopModule":{"__symbolic":"class","decorators":[{"__symbolic":"call","expression":{"__symbolic":"reference","module":"@angular/core","name":"NgModule","line":14,"character":1},"arguments":[{"declarations":[{"__symbolic":"reference","name":"NzBackTopComponent"}],"exports":[{"__symbolic":"reference","name":"NzBackTopComponent"}],"imports":[{"__symbolic":"reference","module":"@angular/common","name":"CommonModule","line":17,"character":12},{"__symbolic":"reference","module":"@angular/cdk/platform","name":"PlatformModule","line":17,"character":26}],"providers":[{"__symbolic":"reference","module":"ng-zorro-antd/core","name":"SCROLL_SERVICE_PROVIDER","line":18,"character":14}]}]}],"members":{}}},"origins":{"NzBackTopComponent":"./nz-back-top.component","NzBackTopModule":"./nz-back-top.module"},"importAs":"ng-zorro-antd/back-top"}