{"__symbolic":"module","version":4,"metadata":{"NzAlertComponent":{"__symbolic":"class","decorators":[{"__symbolic":"call","expression":{"__symbolic":"reference","module":"@angular/core","name":"Component","line":23,"character":1},"arguments":[{"selector":"nz-alert","exportAs":"nzAlert","animations":[{"__symbolic":"reference","module":"ng-zorro-antd/core","name":"slideAlertMotion","line":26,"character":15}],"changeDetection":{"__symbolic":"select","expression":{"__symbolic":"reference","module":"@angular/core","name":"ChangeDetectionStrategy","line":28,"character":19},"member":"OnPush"},"encapsulation":{"__symbolic":"select","expression":{"__symbolic":"reference","module":"@angular/core","name":"ViewEncapsulation","line":29,"character":17},"member":"None"},"preserveWhitespaces":false,"styles":["\n      nz-alert {\n        display: block;\n      }\n    "],"template":"<div *ngIf=\"!destroy\"\n  class=\"ant-alert\"\n  [class.ant-alert-success]=\"nzType === 'success'\"\n  [class.ant-alert-info]=\"nzType === 'info'\"\n  [class.ant-alert-warning]=\"nzType === 'warning'\"\n  [class.ant-alert-error]=\"nzType === 'error'\"\n  [class.ant-alert-no-icon]=\"!nzShowIcon\"\n  [class.ant-alert-banner]=\"nzBanner\"\n  [class.ant-alert-closable]=\"nzCloseable\"\n  [class.ant-alert-with-description]=\"!!nzDescription\"\n  [@slideAlertMotion]\n  (@slideAlertMotion.done)=\"onFadeAnimationDone()\">\n  <ng-container *ngIf=\"nzShowIcon\">\n    <i class=\"ant-alert-icon\" [ngClass]=\"nzIconType\" *ngIf=\"isIconTypeObject; else iconTemplate\"></i>\n    <ng-template #iconTemplate>\n      <i nz-icon class=\"ant-alert-icon\" [nzType]=\"iconType\" [nzTheme]=\"iconTheme\"></i>\n    </ng-template>\n  </ng-container>\n  <span class=\"ant-alert-message\" *ngIf=\"nzMessage\">\n    <ng-container *nzStringTemplateOutlet=\"nzMessage\">{{ nzMessage }}</ng-container>\n  </span>\n  <span class=\"ant-alert-description\" *ngIf=\"nzDescription\">\n    <ng-container *nzStringTemplateOutlet=\"nzDescription\">{{ nzDescription }}</ng-container>\n  </span>\n  <a *ngIf=\"nzCloseable || nzCloseText\"\n    class=\"ant-alert-close-icon\"\n    (click)=\"closeAlert()\">\n    <ng-template #closeDefaultTemplate>\n      <i nz-icon nzType=\"close\"></i>\n    </ng-template>\n    <ng-container *ngIf=\"nzCloseText; else closeDefaultTemplate\">\n      <ng-container *nzStringTemplateOutlet=\"nzCloseText\">{{ nzCloseText }}</ng-container>\n    </ng-container>\n  </a>\n</div>\n"}]}],"members":{"nzCloseText":[{"__symbolic":"property","decorators":[{"__symbolic":"call","expression":{"__symbolic":"reference","module":"@angular/core","name":"Input","line":40,"character":3}}]}],"nzIconType":[{"__symbolic":"property","decorators":[{"__symbolic":"call","expression":{"__symbolic":"reference","module":"@angular/core","name":"Input","line":41,"character":3}}]}],"nzMessage":[{"__symbolic":"property","decorators":[{"__symbolic":"call","expression":{"__symbolic":"reference","module":"@angular/core","name":"Input","line":42,"character":3}}]}],"nzDescription":[{"__symbolic":"property","decorators":[{"__symbolic":"call","expression":{"__symbolic":"reference","module":"@angular/core","name":"Input","line":43,"character":3}}]}],"nzType":[{"__symbolic":"property","decorators":[{"__symbolic":"call","expression":{"__symbolic":"reference","module":"@angular/core","name":"Input","line":44,"character":3}}]}],"nzCloseable":[{"__symbolic":"property","decorators":[{"__symbolic":"call","expression":{"__symbolic":"reference","module":"@angular/core","name":"Input","line":45,"character":3}},{"__symbolic":"call","expression":{"__symbolic":"reference","module":"ng-zorro-antd/core","name":"WithConfig","line":45,"character":12},"arguments":["alert",false]},{"__symbolic":"call","expression":{"__symbolic":"reference","module":"ng-zorro-antd/core","name":"InputBoolean","line":45,"character":57}}]}],"nzShowIcon":[{"__symbolic":"property","decorators":[{"__symbolic":"call","expression":{"__symbolic":"reference","module":"@angular/core","name":"Input","line":46,"character":3}},{"__symbolic":"call","expression":{"__symbolic":"reference","module":"ng-zorro-antd/core","name":"WithConfig","line":46,"character":12},"arguments":["alert",false]},{"__symbolic":"call","expression":{"__symbolic":"reference","module":"ng-zorro-antd/core","name":"InputBoolean","line":46,"character":57}}]}],"nzBanner":[{"__symbolic":"property","decorators":[{"__symbolic":"call","expression":{"__symbolic":"reference","module":"@angular/core","name":"Input","line":47,"character":3}},{"__symbolic":"call","expression":{"__symbolic":"reference","module":"ng-zorro-antd/core","name":"InputBoolean","line":47,"character":12}}]}],"nzOnClose":[{"__symbolic":"property","decorators":[{"__symbolic":"call","expression":{"__symbolic":"reference","module":"@angular/core","name":"Output","line":48,"character":3}}]}],"__ctor__":[{"__symbolic":"constructor","parameters":[{"__symbolic":"reference","module":"ng-zorro-antd/core","name":"NzConfigService","line":62,"character":38}]}],"closeAlert":[{"__symbolic":"method"}],"onFadeAnimationDone":[{"__symbolic":"method"}],"updateIconClassMap":[{"__symbolic":"method"}],"ngOnChanges":[{"__symbolic":"method"}]}},"NzAlertModule":{"__symbolic":"class","decorators":[{"__symbolic":"call","expression":{"__symbolic":"reference","module":"@angular/core","name":"NgModule","line":15,"character":1},"arguments":[{"declarations":[{"__symbolic":"reference","name":"NzAlertComponent"}],"exports":[{"__symbolic":"reference","name":"NzAlertComponent"}],"imports":[{"__symbolic":"reference","module":"@angular/common","name":"CommonModule","line":18,"character":12},{"__symbolic":"reference","module":"ng-zorro-antd/icon","name":"NzIconModule","line":18,"character":26},{"__symbolic":"reference","module":"ng-zorro-antd/core","name":"NzAddOnModule","line":18,"character":40}]}]}],"members":{}}},"origins":{"NzAlertComponent":"./nz-alert.component","NzAlertModule":"./nz-alert.module"},"importAs":"ng-zorro-antd/alert"}