{"__symbolic":"module","version":4,"metadata":{"NzAddOnModule":{"__symbolic":"class","decorators":[{"__symbolic":"call","expression":{"__symbolic":"reference","module":"@angular/core","name":"NgModule","line":13,"character":1},"arguments":[{"imports":[{"__symbolic":"reference","module":"@angular/common","name":"CommonModule","line":14,"character":12}],"exports":[{"__symbolic":"reference","name":"NzStringTemplateOutletDirective"},{"__symbolic":"reference","name":"NzClassListAddDirective"}],"declarations":[{"__symbolic":"reference","name":"NzStringTemplateOutletDirective"},{"__symbolic":"reference","name":"NzClassListAddDirective"}]}]}],"members":{}},"NzClassListAddDirective":{"__symbolic":"class","decorators":[{"__symbolic":"call","expression":{"__symbolic":"reference","module":"@angular/core","name":"Directive","line":10,"character":1},"arguments":[{"selector":"[nzClassListAdd]","exportAs":"nzClassListAdd"}]}],"members":{"nzClassListAdd":[{"__symbolic":"property","decorators":[{"__symbolic":"call","expression":{"__symbolic":"reference","module":"@angular/core","name":"Input","line":17,"character":3}}]}],"__ctor__":[{"__symbolic":"constructor","parameters":[{"__symbolic":"reference","module":"@angular/core","name":"ElementRef","line":28,"character":34},{"__symbolic":"reference","module":"@angular/core","name":"Renderer2","line":28,"character":64}]}]}},"NzStringTemplateOutletDirective":{"__symbolic":"class","decorators":[{"__symbolic":"call","expression":{"__symbolic":"reference","module":"@angular/core","name":"Directive","line":19,"character":1},"arguments":[{"selector":"[nzStringTemplateOutlet]","exportAs":"nzStringTemplateOutlet"}]}],"members":{"nzStringTemplateOutletContext":[{"__symbolic":"property","decorators":[{"__symbolic":"call","expression":{"__symbolic":"reference","module":"@angular/core","name":"Input","line":31,"character":3}}]}],"nzStringTemplateOutlet":[{"__symbolic":"property","decorators":[{"__symbolic":"call","expression":{"__symbolic":"reference","module":"@angular/core","name":"Input","line":33,"character":3}}]}],"recreateView":[{"__symbolic":"method"}],"getType":[{"__symbolic":"method"}],"shouldRecreateView":[{"__symbolic":"method"}],"hasContextShapeChanged":[{"__symbolic":"method"}],"updateExistingContext":[{"__symbolic":"method"}],"__ctor__":[{"__symbolic":"constructor","parameters":[{"__symbolic":"reference","module":"@angular/core","name":"ViewContainerRef","line":118,"character":37},{"__symbolic":"reference","name":"TemplateRef","module":"@angular/core","arguments":[{"__symbolic":"error","message":"Expression form not supported","line":118,"character":92,"module":"./addon/string_template_outlet"}]}]}],"ngOnChanges":[{"__symbolic":"method"}]}},"AnimationDuration":{"__symbolic":"class","members":{},"statics":{"SLOW":"0.3s","BASE":"0.2s","FAST":"0.1s"}},"AnimationCurves":{"__symbolic":"class","members":{},"statics":{"EASE_BASE_OUT":"cubic-bezier(0.7, 0.3, 0.1, 1)","EASE_BASE_IN":"cubic-bezier(0.9, 0, 0.3, 0.7)","EASE_OUT":"cubic-bezier(0.215, 0.61, 0.355, 1)","EASE_IN":"cubic-bezier(0.55, 0.055, 0.675, 0.19)","EASE_IN_OUT":"cubic-bezier(0.645, 0.045, 0.355, 1)","EASE_OUT_BACK":"cubic-bezier(0.12, 0.4, 0.29, 1.46)","EASE_IN_BACK":"cubic-bezier(0.71, -0.46, 0.88, 0.6)","EASE_IN_OUT_BACK":"cubic-bezier(0.71, -0.46, 0.29, 1.46)","EASE_OUT_CIRC":"cubic-bezier(0.08, 0.82, 0.17, 1)","EASE_IN_CIRC":"cubic-bezier(0.6, 0.04, 0.98, 0.34)","EASE_IN_OUT_CIRC":"cubic-bezier(0.78, 0.14, 0.15, 0.86)","EASE_OUT_QUINT":"cubic-bezier(0.23, 1, 0.32, 1)","EASE_IN_QUINT":"cubic-bezier(0.755, 0.05, 0.855, 0.06)","EASE_IN_OUT_QUINT":"cubic-bezier(0.86, 0, 0.07, 1)"}},"collapseMotion":{"__symbolic":"call","expression":{"__symbolic":"reference","module":"@angular/animations","name":"trigger","line":11,"character":56},"arguments":["collapseMotion",[{"__symbolic":"call","expression":{"__symbolic":"reference","module":"@angular/animations","name":"state","line":12,"character":2},"arguments":["expanded",{"__symbolic":"call","expression":{"__symbolic":"reference","module":"@angular/animations","name":"style","line":12,"character":20},"arguments":[{"height":"*"}]}]},{"__symbolic":"call","expression":{"__symbolic":"reference","module":"@angular/animations","name":"state","line":13,"character":2},"arguments":["collapsed",{"__symbolic":"call","expression":{"__symbolic":"reference","module":"@angular/animations","name":"style","line":13,"character":21},"arguments":[{"height":0,"overflow":"hidden"}]}]},{"__symbolic":"call","expression":{"__symbolic":"reference","module":"@angular/animations","name":"state","line":14,"character":2},"arguments":["hidden",{"__symbolic":"call","expression":{"__symbolic":"reference","module":"@angular/animations","name":"style","line":14,"character":18},"arguments":[{"height":0,"overflow":"hidden","borderTopWidth":"0"}]}]},{"__symbolic":"call","expression":{"__symbolic":"reference","module":"@angular/animations","name":"transition","line":15,"character":2},"arguments":["expanded => collapsed",{"__symbolic":"call","expression":{"__symbolic":"reference","module":"@angular/animations","name":"animate","line":15,"character":38},"arguments":[{"__symbolic":"binop","operator":"+","left":"150ms ","right":{"__symbolic":"select","expression":{"__symbolic":"reference","name":"AnimationCurves"},"member":"EASE_IN_OUT"}}]}]},{"__symbolic":"call","expression":{"__symbolic":"reference","module":"@angular/animations","name":"transition","line":16,"character":2},"arguments":["expanded => hidden",{"__symbolic":"call","expression":{"__symbolic":"reference","module":"@angular/animations","name":"animate","line":16,"character":35},"arguments":[{"__symbolic":"binop","operator":"+","left":"150ms ","right":{"__symbolic":"select","expression":{"__symbolic":"reference","name":"AnimationCurves"},"member":"EASE_IN_OUT"}}]}]},{"__symbolic":"call","expression":{"__symbolic":"reference","module":"@angular/animations","name":"transition","line":17,"character":2},"arguments":["collapsed => expanded",{"__symbolic":"call","expression":{"__symbolic":"reference","module":"@angular/animations","name":"animate","line":17,"character":38},"arguments":[{"__symbolic":"binop","operator":"+","left":"150ms ","right":{"__symbolic":"select","expression":{"__symbolic":"reference","name":"AnimationCurves"},"member":"EASE_IN_OUT"}}]}]},{"__symbolic":"call","expression":{"__symbolic":"reference","module":"@angular/animations","name":"transition","line":18,"character":2},"arguments":["hidden => expanded",{"__symbolic":"call","expression":{"__symbolic":"reference","module":"@angular/animations","name":"animate","line":18,"character":35},"arguments":[{"__symbolic":"binop","operator":"+","left":"150ms ","right":{"__symbolic":"select","expression":{"__symbolic":"reference","name":"AnimationCurves"},"member":"EASE_IN_OUT"}}]}]}]]},"treeCollapseMotion":{"__symbolic":"call","expression":{"__symbolic":"reference","module":"@angular/animations","name":"trigger","line":21,"character":60},"arguments":["treeCollapseMotion",[{"__symbolic":"call","expression":{"__symbolic":"reference","module":"@angular/animations","name":"transition","line":22,"character":2},"arguments":[":leave",[{"__symbolic":"call","expression":{"__symbolic":"reference","module":"@angular/animations","name":"style","line":23,"character":4},"arguments":[{"overflow":"hidden"}]},{"__symbolic":"call","expression":{"__symbolic":"reference","module":"@angular/animations","name":"animate","line":24,"character":4},"arguments":[{"__symbolic":"binop","operator":"+","left":"150ms ","right":{"__symbolic":"select","expression":{"__symbolic":"reference","name":"AnimationCurves"},"member":"EASE_IN_OUT"}},{"__symbolic":"call","expression":{"__symbolic":"reference","module":"@angular/animations","name":"style","line":24,"character":52},"arguments":[{"height":0}]}]}]]},{"__symbolic":"call","expression":{"__symbolic":"reference","module":"@angular/animations","name":"transition","line":26,"character":2},"arguments":[":enter",[{"__symbolic":"call","expression":{"__symbolic":"reference","module":"@angular/animations","name":"style","line":27,"character":4},"arguments":[{"overflow":"hidden","height":0}]},{"__symbolic":"call","expression":{"__symbolic":"reference","module":"@angular/animations","name":"animate","line":28,"character":4},"arguments":[{"__symbolic":"binop","operator":"+","left":"150ms ","right":{"__symbolic":"select","expression":{"__symbolic":"reference","name":"AnimationCurves"},"member":"EASE_IN_OUT"}},{"__symbolic":"call","expression":{"__symbolic":"reference","module":"@angular/animations","name":"style","line":28,"character":52},"arguments":[{"overflow":"hidden","height":"*"}]}]}]]}]]},"fadeMotion":{"__symbolic":"call","expression":{"__symbolic":"reference","module":"@angular/animations","name":"trigger","line":11,"character":52},"arguments":["fadeMotion",[{"__symbolic":"call","expression":{"__symbolic":"reference","module":"@angular/animations","name":"transition","line":12,"character":2},"arguments":[":enter",[{"__symbolic":"call","expression":{"__symbolic":"reference","module":"@angular/animations","name":"style","line":12,"character":24},"arguments":[{"opacity":0}]},{"__symbolic":"call","expression":{"__symbolic":"reference","module":"@angular/animations","name":"animate","line":12,"character":47},"arguments":[{"__symbolic":"select","expression":{"__symbolic":"reference","name":"AnimationDuration"},"member":"BASE"},{"__symbolic":"call","expression":{"__symbolic":"reference","module":"@angular/animations","name":"style","line":12,"character":84},"arguments":[{"opacity":1}]}]}]]},{"__symbolic":"call","expression":{"__symbolic":"reference","module":"@angular/animations","name":"transition","line":13,"character":2},"arguments":[":leave",[{"__symbolic":"call","expression":{"__symbolic":"reference","module":"@angular/animations","name":"style","line":13,"character":24},"arguments":[{"opacity":1}]},{"__symbolic":"call","expression":{"__symbolic":"reference","module":"@angular/animations","name":"animate","line":13,"character":47},"arguments":[{"__symbolic":"select","expression":{"__symbolic":"reference","name":"AnimationDuration"},"member":"BASE"},{"__symbolic":"call","expression":{"__symbolic":"reference","module":"@angular/animations","name":"style","line":13,"character":84},"arguments":[{"opacity":0}]}]}]]}]]},"helpMotion":{"__symbolic":"call","expression":{"__symbolic":"reference","module":"@angular/animations","name":"trigger","line":11,"character":52},"arguments":["helpMotion",[{"__symbolic":"call","expression":{"__symbolic":"reference","module":"@angular/animations","name":"transition","line":12,"character":2},"arguments":[":enter",[{"__symbolic":"call","expression":{"__symbolic":"reference","module":"@angular/animations","name":"style","line":13,"character":4},"arguments":[{"opacity":0,"transform":"translateY(-5px)"}]},{"__symbolic":"call","expression":{"__symbolic":"reference","module":"@angular/animations","name":"animate","line":17,"character":4},"arguments":[{"__symbolic":"binop","operator":"+","left":{"__symbolic":"binop","operator":"+","left":{"__symbolic":"select","expression":{"__symbolic":"reference","name":"AnimationDuration"},"member":"SLOW"},"right":" "},"right":{"__symbolic":"select","expression":{"__symbolic":"reference","name":"AnimationCurves"},"member":"EASE_IN_OUT"}},{"__symbolic":"call","expression":{"__symbolic":"reference","module":"@angular/animations","name":"style","line":19,"character":6},"arguments":[{"opacity":1,"transform":"translateY(0)"}]}]}]]},{"__symbolic":"call","expression":{"__symbolic":"reference","module":"@angular/animations","name":"transition","line":25,"character":2},"arguments":[":leave",[{"__symbolic":"call","expression":{"__symbolic":"reference","module":"@angular/animations","name":"style","line":26,"character":4},"arguments":[{"opacity":1,"transform":"translateY(0)"}]},{"__symbolic":"call","expression":{"__symbolic":"reference","module":"@angular/animations","name":"animate","line":30,"character":4},"arguments":[{"__symbolic":"binop","operator":"+","left":{"__symbolic":"binop","operator":"+","left":{"__symbolic":"select","expression":{"__symbolic":"reference","name":"AnimationDuration"},"member":"SLOW"},"right":" "},"right":{"__symbolic":"select","expression":{"__symbolic":"reference","name":"AnimationCurves"},"member":"EASE_IN_OUT"}},{"__symbolic":"call","expression":{"__symbolic":"reference","module":"@angular/animations","name":"style","line":32,"character":6},"arguments":[{"opacity":0,"transform":"translateY(-5px)"}]}]}]]}]]},"moveUpMotion":{"__symbolic":"call","expression":{"__symbolic":"reference","module":"@angular/animations","name":"trigger","line":11,"character":54},"arguments":["moveUpMotion",[{"__symbolic":"call","expression":{"__symbolic":"reference","module":"@angular/animations","name":"transition","line":12,"character":2},"arguments":["* => enter",[{"__symbolic":"call","expression":{"__symbolic":"reference","module":"@angular/animations","name":"style","line":13,"character":4},"arguments":[{"transformOrigin":"0 0","transform":"translateY(-100%)","opacity":0}]},{"__symbolic":"call","expression":{"__symbolic":"reference","module":"@angular/animations","name":"animate","line":18,"character":4},"arguments":[{"__symbolic":"select","expression":{"__symbolic":"reference","name":"AnimationDuration"},"member":"BASE"},{"__symbolic":"call","expression":{"__symbolic":"reference","module":"@angular/animations","name":"style","line":20,"character":6},"arguments":[{"transformOrigin":"0 0","transform":"translateY(0%)","opacity":1}]}]}]]},{"__symbolic":"call","expression":{"__symbolic":"reference","module":"@angular/animations","name":"transition","line":27,"character":2},"arguments":["* => leave",[{"__symbolic":"call","expression":{"__symbolic":"reference","module":"@angular/animations","name":"style","line":28,"character":4},"arguments":[{"transformOrigin":"0 0","transform":"translateY(0%)","opacity":1}]},{"__symbolic":"call","expression":{"__symbolic":"reference","module":"@angular/animations","name":"animate","line":33,"character":4},"arguments":[{"__symbolic":"select","expression":{"__symbolic":"reference","name":"AnimationDuration"},"member":"BASE"},{"__symbolic":"call","expression":{"__symbolic":"reference","module":"@angular/animations","name":"style","line":35,"character":6},"arguments":[{"transformOrigin":"0 0","transform":"translateY(-100%)","opacity":0}]}]}]]}]]},"notificationMotion":{"__symbolic":"call","expression":{"__symbolic":"reference","module":"@angular/animations","name":"trigger","line":10,"character":60},"arguments":["notificationMotion",[{"__symbolic":"call","expression":{"__symbolic":"reference","module":"@angular/animations","name":"state","line":11,"character":2},"arguments":["enterRight",{"__symbolic":"call","expression":{"__symbolic":"reference","module":"@angular/animations","name":"style","line":11,"character":22},"arguments":[{"opacity":1,"transform":"translateX(0)"}]}]},{"__symbolic":"call","expression":{"__symbolic":"reference","module":"@angular/animations","name":"transition","line":12,"character":2},"arguments":["* => enterRight",[{"__symbolic":"call","expression":{"__symbolic":"reference","module":"@angular/animations","name":"style","line":12,"character":33},"arguments":[{"opacity":0,"transform":"translateX(5%)"}]},{"__symbolic":"call","expression":{"__symbolic":"reference","module":"@angular/animations","name":"animate","line":12,"character":85},"arguments":["100ms linear"]}]]},{"__symbolic":"call","expression":{"__symbolic":"reference","module":"@angular/animations","name":"state","line":13,"character":2},"arguments":["enterLeft",{"__symbolic":"call","expression":{"__symbolic":"reference","module":"@angular/animations","name":"style","line":13,"character":21},"arguments":[{"opacity":1,"transform":"translateX(0)"}]}]},{"__symbolic":"call","expression":{"__symbolic":"reference","module":"@angular/animations","name":"transition","line":14,"character":2},"arguments":["* => enterLeft",[{"__symbolic":"call","expression":{"__symbolic":"reference","module":"@angular/animations","name":"style","line":14,"character":32},"arguments":[{"opacity":0,"transform":"translateX(-5%)"}]},{"__symbolic":"call","expression":{"__symbolic":"reference","module":"@angular/animations","name":"animate","line":14,"character":85},"arguments":["100ms linear"]}]]},{"__symbolic":"call","expression":{"__symbolic":"reference","module":"@angular/animations","name":"state","line":15,"character":2},"arguments":["leave",{"__symbolic":"call","expression":{"__symbolic":"reference","module":"@angular/animations","name":"style","line":17,"character":4},"arguments":[{"opacity":0,"transform":"scaleY(0.8)","transformOrigin":"0% 0%"}]}]},{"__symbolic":"call","expression":{"__symbolic":"reference","module":"@angular/animations","name":"transition","line":23,"character":2},"arguments":["* => leave",[{"__symbolic":"call","expression":{"__symbolic":"reference","module":"@angular/animations","name":"style","line":24,"character":4},"arguments":[{"opacity":1,"transform":"scaleY(1)","transformOrigin":"0% 0%"}]},{"__symbolic":"call","expression":{"__symbolic":"reference","module":"@angular/animations","name":"animate","line":29,"character":4},"arguments":["100ms linear"]}]]}]]},"slideMotion":{"__symbolic":"call","expression":{"__symbolic":"reference","module":"@angular/animations","name":"trigger","line":14,"character":53},"arguments":["slideMotion",[{"__symbolic":"call","expression":{"__symbolic":"reference","module":"@angular/animations","name":"state","line":15,"character":2},"arguments":["bottom",{"__symbolic":"call","expression":{"__symbolic":"reference","module":"@angular/animations","name":"style","line":17,"character":4},"arguments":[{"opacity":1,"transform":"scaleY(1)","transformOrigin":"0% 0%"}]}]},{"__symbolic":"call","expression":{"__symbolic":"reference","module":"@angular/animations","name":"state","line":23,"character":2},"arguments":["top",{"__symbolic":"call","expression":{"__symbolic":"reference","module":"@angular/animations","name":"style","line":25,"character":4},"arguments":[{"opacity":1,"transform":"scaleY(1)","transformOrigin":"0% 100%"}]}]},{"__symbolic":"call","expression":{"__symbolic":"reference","module":"@angular/animations","name":"transition","line":31,"character":2},"arguments":["void => bottom",[{"__symbolic":"call","expression":{"__symbolic":"reference","module":"@angular/animations","name":"style","line":32,"character":4},"arguments":[{"opacity":0,"transform":"scaleY(0.8)","transformOrigin":"0% 0%"}]},{"__symbolic":"call","expression":{"__symbolic":"reference","module":"@angular/animations","name":"animate","line":37,"character":4},"arguments":[{"__symbolic":"binop","operator":"+","left":{"__symbolic":"binop","operator":"+","left":{"__symbolic":"select","expression":{"__symbolic":"reference","name":"AnimationDuration"},"member":"BASE"},"right":" "},"right":{"__symbolic":"select","expression":{"__symbolic":"reference","name":"AnimationCurves"},"member":"EASE_OUT_QUINT"}}]}]]},{"__symbolic":"call","expression":{"__symbolic":"reference","module":"@angular/animations","name":"transition","line":39,"character":2},"arguments":["bottom => void",[{"__symbolic":"call","expression":{"__symbolic":"reference","module":"@angular/animations","name":"animate","line":40,"character":4},"arguments":[{"__symbolic":"binop","operator":"+","left":{"__symbolic":"binop","operator":"+","left":{"__symbolic":"select","expression":{"__symbolic":"reference","name":"AnimationDuration"},"member":"BASE"},"right":" "},"right":{"__symbolic":"select","expression":{"__symbolic":"reference","name":"AnimationCurves"},"member":"EASE_IN_QUINT"}},{"__symbolic":"call","expression":{"__symbolic":"reference","module":"@angular/animations","name":"style","line":42,"character":6},"arguments":[{"opacity":0,"transform":"scaleY(0.8)","transformOrigin":"0% 0%"}]}]}]]},{"__symbolic":"call","expression":{"__symbolic":"reference","module":"@angular/animations","name":"transition","line":49,"character":2},"arguments":["void => top",[{"__symbolic":"call","expression":{"__symbolic":"reference","module":"@angular/animations","name":"style","line":50,"character":4},"arguments":[{"opacity":0,"transform":"scaleY(0.8)","transformOrigin":"0% 100%"}]},{"__symbolic":"call","expression":{"__symbolic":"reference","module":"@angular/animations","name":"animate","line":55,"character":4},"arguments":[{"__symbolic":"binop","operator":"+","left":{"__symbolic":"binop","operator":"+","left":{"__symbolic":"select","expression":{"__symbolic":"reference","name":"AnimationDuration"},"member":"BASE"},"right":" "},"right":{"__symbolic":"select","expression":{"__symbolic":"reference","name":"AnimationCurves"},"member":"EASE_OUT_QUINT"}}]}]]},{"__symbolic":"call","expression":{"__symbolic":"reference","module":"@angular/animations","name":"transition","line":57,"character":2},"arguments":["top => void",[{"__symbolic":"call","expression":{"__symbolic":"reference","module":"@angular/animations","name":"animate","line":58,"character":4},"arguments":[{"__symbolic":"binop","operator":"+","left":{"__symbolic":"binop","operator":"+","left":{"__symbolic":"select","expression":{"__symbolic":"reference","name":"AnimationDuration"},"member":"BASE"},"right":" "},"right":{"__symbolic":"select","expression":{"__symbolic":"reference","name":"AnimationCurves"},"member":"EASE_IN_QUINT"}},{"__symbolic":"call","expression":{"__symbolic":"reference","module":"@angular/animations","name":"style","line":60,"character":6},"arguments":[{"opacity":0,"transform":"scaleY(0.8)","transformOrigin":"0% 100%"}]}]}]]}]]},"slideAlertMotion":{"__symbolic":"call","expression":{"__symbolic":"reference","module":"@angular/animations","name":"trigger","line":69,"character":58},"arguments":["slideAlertMotion",[{"__symbolic":"call","expression":{"__symbolic":"reference","module":"@angular/animations","name":"transition","line":70,"character":2},"arguments":[":leave",[{"__symbolic":"call","expression":{"__symbolic":"reference","module":"@angular/animations","name":"style","line":71,"character":4},"arguments":[{"opacity":1,"transform":"scaleY(1)","transformOrigin":"0% 0%"}]},{"__symbolic":"call","expression":{"__symbolic":"reference","module":"@angular/animations","name":"animate","line":72,"character":4},"arguments":[{"__symbolic":"binop","operator":"+","left":{"__symbolic":"binop","operator":"+","left":{"__symbolic":"select","expression":{"__symbolic":"reference","name":"AnimationDuration"},"member":"SLOW"},"right":" "},"right":{"__symbolic":"select","expression":{"__symbolic":"reference","name":"AnimationCurves"},"member":"EASE_IN_OUT_CIRC"}},{"__symbolic":"call","expression":{"__symbolic":"reference","module":"@angular/animations","name":"style","line":74,"character":6},"arguments":[{"opacity":0,"transform":"scaleY(0)","transformOrigin":"0% 0%"}]}]}]]}]]},"zoomMotion":{"__symbolic":"call","expression":{"__symbolic":"reference","module":"@angular/animations","name":"trigger","line":11,"character":52},"arguments":["zoomMotion",[{"__symbolic":"call","expression":{"__symbolic":"reference","module":"@angular/animations","name":"transition","line":12,"character":2},"arguments":[":enter",[{"__symbolic":"call","expression":{"__symbolic":"reference","module":"@angular/animations","name":"style","line":13,"character":4},"arguments":[{"opacity":0,"transform":"scale(0.2)"}]},{"__symbolic":"call","expression":{"__symbolic":"reference","module":"@angular/animations","name":"animate","line":14,"character":4},"arguments":[{"__symbolic":"binop","operator":"+","left":{"__symbolic":"binop","operator":"+","left":{"__symbolic":"select","expression":{"__symbolic":"reference","name":"AnimationDuration"},"member":"BASE"},"right":" "},"right":{"__symbolic":"select","expression":{"__symbolic":"reference","name":"AnimationCurves"},"member":"EASE_OUT_CIRC"}},{"__symbolic":"call","expression":{"__symbolic":"reference","module":"@angular/animations","name":"style","line":16,"character":6},"arguments":[{"opacity":1,"transform":"scale(1)"}]}]}]]},{"__symbolic":"call","expression":{"__symbolic":"reference","module":"@angular/animations","name":"transition","line":22,"character":2},"arguments":[":leave",[{"__symbolic":"call","expression":{"__symbolic":"reference","module":"@angular/animations","name":"style","line":23,"character":4},"arguments":[{"opacity":1,"transform":"scale(1)"}]},{"__symbolic":"call","expression":{"__symbolic":"reference","module":"@angular/animations","name":"animate","line":24,"character":4},"arguments":[{"__symbolic":"binop","operator":"+","left":{"__symbolic":"binop","operator":"+","left":{"__symbolic":"select","expression":{"__symbolic":"reference","name":"AnimationDuration"},"member":"BASE"},"right":" "},"right":{"__symbolic":"select","expression":{"__symbolic":"reference","name":"AnimationCurves"},"member":"EASE_IN_OUT_CIRC"}},{"__symbolic":"call","expression":{"__symbolic":"reference","module":"@angular/animations","name":"style","line":26,"character":6},"arguments":[{"opacity":0,"transform":"scale(0.2)"}]}]}]]}]]},"zoomBigMotion":{"__symbolic":"call","expression":{"__symbolic":"reference","module":"@angular/animations","name":"trigger","line":33,"character":55},"arguments":["zoomBigMotion",[{"__symbolic":"call","expression":{"__symbolic":"reference","module":"@angular/animations","name":"transition","line":34,"character":2},"arguments":["void => active",[{"__symbolic":"call","expression":{"__symbolic":"reference","module":"@angular/animations","name":"style","line":35,"character":4},"arguments":[{"opacity":0,"transform":"scale(0.8)"}]},{"__symbolic":"call","expression":{"__symbolic":"reference","module":"@angular/animations","name":"animate","line":36,"character":4},"arguments":[{"__symbolic":"binop","operator":"+","left":{"__symbolic":"binop","operator":"+","left":{"__symbolic":"select","expression":{"__symbolic":"reference","name":"AnimationDuration"},"member":"BASE"},"right":" "},"right":{"__symbolic":"select","expression":{"__symbolic":"reference","name":"AnimationCurves"},"member":"EASE_OUT_CIRC"}},{"__symbolic":"call","expression":{"__symbolic":"reference","module":"@angular/animations","name":"style","line":38,"character":6},"arguments":[{"opacity":1,"transform":"scale(1)"}]}]}]]},{"__symbolic":"call","expression":{"__symbolic":"reference","module":"@angular/animations","name":"transition","line":44,"character":2},"arguments":["active => void",[{"__symbolic":"call","expression":{"__symbolic":"reference","module":"@angular/animations","name":"style","line":45,"character":4},"arguments":[{"opacity":1,"transform":"scale(1)"}]},{"__symbolic":"call","expression":{"__symbolic":"reference","module":"@angular/animations","name":"animate","line":46,"character":4},"arguments":[{"__symbolic":"binop","operator":"+","left":{"__symbolic":"binop","operator":"+","left":{"__symbolic":"select","expression":{"__symbolic":"reference","name":"AnimationDuration"},"member":"BASE"},"right":" "},"right":{"__symbolic":"select","expression":{"__symbolic":"reference","name":"AnimationCurves"},"member":"EASE_IN_OUT_CIRC"}},{"__symbolic":"call","expression":{"__symbolic":"reference","module":"@angular/animations","name":"style","line":48,"character":6},"arguments":[{"opacity":0,"transform":"scale(0.8)"}]}]}]]}]]},"zoomBadgeMotion":{"__symbolic":"call","expression":{"__symbolic":"reference","module":"@angular/animations","name":"trigger","line":55,"character":57},"arguments":["zoomBadgeMotion",[{"__symbolic":"call","expression":{"__symbolic":"reference","module":"@angular/animations","name":"transition","line":56,"character":2},"arguments":[":enter",[{"__symbolic":"call","expression":{"__symbolic":"reference","module":"@angular/animations","name":"style","line":57,"character":4},"arguments":[{"opacity":0,"transform":"scale(0) translate(50%, -50%)"}]},{"__symbolic":"call","expression":{"__symbolic":"reference","module":"@angular/animations","name":"animate","line":58,"character":4},"arguments":[{"__symbolic":"binop","operator":"+","left":{"__symbolic":"binop","operator":"+","left":{"__symbolic":"select","expression":{"__symbolic":"reference","name":"AnimationDuration"},"member":"SLOW"},"right":" "},"right":{"__symbolic":"select","expression":{"__symbolic":"reference","name":"AnimationCurves"},"member":"EASE_OUT_BACK"}},{"__symbolic":"call","expression":{"__symbolic":"reference","module":"@angular/animations","name":"style","line":60,"character":6},"arguments":[{"opacity":1,"transform":"scale(1) translate(50%, -50%)"}]}]}]]},{"__symbolic":"call","expression":{"__symbolic":"reference","module":"@angular/animations","name":"transition","line":66,"character":2},"arguments":[":leave",[{"__symbolic":"call","expression":{"__symbolic":"reference","module":"@angular/animations","name":"style","line":67,"character":4},"arguments":[{"opacity":1,"transform":"scale(1) translate(50%, -50%)"}]},{"__symbolic":"call","expression":{"__symbolic":"reference","module":"@angular/animations","name":"animate","line":68,"character":4},"arguments":[{"__symbolic":"binop","operator":"+","left":{"__symbolic":"binop","operator":"+","left":{"__symbolic":"select","expression":{"__symbolic":"reference","name":"AnimationDuration"},"member":"SLOW"},"right":" "},"right":{"__symbolic":"select","expression":{"__symbolic":"reference","name":"AnimationCurves"},"member":"EASE_IN_BACK"}},{"__symbolic":"call","expression":{"__symbolic":"reference","module":"@angular/animations","name":"style","line":70,"character":6},"arguments":[{"opacity":0,"transform":"scale(0) translate(50%, -50%)"}]}]}]]}]]},"NzNoAnimationModule":{"__symbolic":"class","decorators":[{"__symbolic":"call","expression":{"__symbolic":"reference","module":"@angular/core","name":"NgModule","line":13,"character":1},"arguments":[{"declarations":[{"__symbolic":"reference","name":"NzNoAnimationDirective"}],"exports":[{"__symbolic":"reference","name":"NzNoAnimationDirective"}],"imports":[{"__symbolic":"reference","module":"@angular/common","name":"CommonModule","line":16,"character":12}]}]}],"members":{}},"NzNoAnimationDirective":{"__symbolic":"class","decorators":[{"__symbolic":"call","expression":{"__symbolic":"reference","module":"@angular/core","name":"Directive","line":16,"character":1},"arguments":[{"selector":"[nzNoAnimation]","exportAs":"nzNoAnimation"}]}],"members":{"nzNoAnimation":[{"__symbolic":"property","decorators":[{"__symbolic":"call","expression":{"__symbolic":"reference","module":"@angular/core","name":"Input","line":21,"character":3}},{"__symbolic":"call","expression":{"__symbolic":"reference","name":"InputBoolean"}}]}],"__ctor__":[{"__symbolic":"constructor","parameterDecorators":[null,null,[{"__symbolic":"call","expression":{"__symbolic":"reference","module":"@angular/core","name":"Optional","line":26,"character":5}},{"__symbolic":"call","expression":{"__symbolic":"reference","module":"@angular/core","name":"Inject","line":26,"character":17},"arguments":[{"__symbolic":"reference","module":"@angular/platform-browser/animations","name":"ANIMATION_MODULE_TYPE","line":26,"character":24}]}]],"parameters":[{"__symbolic":"reference","module":"@angular/core","name":"ElementRef","line":24,"character":21},{"__symbolic":"reference","module":"@angular/core","name":"Renderer2","line":25,"character":22},{"__symbolic":"reference","name":"string"}]}],"ngOnChanges":[{"__symbolic":"method"}],"ngAfterViewInit":[{"__symbolic":"method"}],"updateClass":[{"__symbolic":"method"}]}},"NzConnectedOverlayDirective":{"__symbolic":"class","decorators":[{"__symbolic":"call","expression":{"__symbolic":"reference","module":"@angular/core","name":"Directive","line":11,"character":1},"arguments":[{"selector":"[cdkConnectedOverlay][nzConnectedOverlay]","exportAs":"nzConnectedOverlay"}]}],"members":{"__ctor__":[{"__symbolic":"constructor","parameters":[{"__symbolic":"reference","module":"@angular/cdk/overlay","name":"CdkConnectedOverlay","line":16,"character":43}]}]}},"NzOverlayModule":{"__symbolic":"class","decorators":[{"__symbolic":"call","expression":{"__symbolic":"reference","module":"@angular/core","name":"NgModule","line":11,"character":1},"arguments":[{"declarations":[{"__symbolic":"reference","name":"NzConnectedOverlayDirective"}],"exports":[{"__symbolic":"reference","name":"NzConnectedOverlayDirective"}]}]}],"members":{}},"POSITION_MAP":{"top":{"__symbolic":"new","expression":{"__symbolic":"reference","module":"@angular/cdk/overlay","name":"ConnectionPositionPair","line":11,"character":11},"arguments":[{"originX":"center","originY":"top"},{"overlayX":"center","overlayY":"bottom"}]},"topCenter":{"__symbolic":"new","expression":{"__symbolic":"reference","module":"@angular/cdk/overlay","name":"ConnectionPositionPair","line":12,"character":17},"arguments":[{"originX":"center","originY":"top"},{"overlayX":"center","overlayY":"bottom"}]},"topLeft":{"__symbolic":"new","expression":{"__symbolic":"reference","module":"@angular/cdk/overlay","name":"ConnectionPositionPair","line":16,"character":15},"arguments":[{"originX":"start","originY":"top"},{"overlayX":"start","overlayY":"bottom"}]},"topRight":{"__symbolic":"new","expression":{"__symbolic":"reference","module":"@angular/cdk/overlay","name":"ConnectionPositionPair","line":17,"character":16},"arguments":[{"originX":"end","originY":"top"},{"overlayX":"end","overlayY":"bottom"}]},"right":{"__symbolic":"new","expression":{"__symbolic":"reference","module":"@angular/cdk/overlay","name":"ConnectionPositionPair","line":18,"character":13},"arguments":[{"originX":"end","originY":"center"},{"overlayX":"start","overlayY":"center"}]},"rightTop":{"__symbolic":"new","expression":{"__symbolic":"reference","module":"@angular/cdk/overlay","name":"ConnectionPositionPair","line":19,"character":16},"arguments":[{"originX":"end","originY":"top"},{"overlayX":"start","overlayY":"top"}]},"rightBottom":{"__symbolic":"new","expression":{"__symbolic":"reference","module":"@angular/cdk/overlay","name":"ConnectionPositionPair","line":20,"character":19},"arguments":[{"originX":"end","originY":"bottom"},{"overlayX":"start","overlayY":"bottom"}]},"bottom":{"__symbolic":"new","expression":{"__symbolic":"reference","module":"@angular/cdk/overlay","name":"ConnectionPositionPair","line":24,"character":14},"arguments":[{"originX":"center","originY":"bottom"},{"overlayX":"center","overlayY":"top"}]},"bottomCenter":{"__symbolic":"new","expression":{"__symbolic":"reference","module":"@angular/cdk/overlay","name":"ConnectionPositionPair","line":25,"character":20},"arguments":[{"originX":"center","originY":"bottom"},{"overlayX":"center","overlayY":"top"}]},"bottomLeft":{"__symbolic":"new","expression":{"__symbolic":"reference","module":"@angular/cdk/overlay","name":"ConnectionPositionPair","line":29,"character":18},"arguments":[{"originX":"start","originY":"bottom"},{"overlayX":"start","overlayY":"top"}]},"bottomRight":{"__symbolic":"new","expression":{"__symbolic":"reference","module":"@angular/cdk/overlay","name":"ConnectionPositionPair","line":33,"character":19},"arguments":[{"originX":"end","originY":"bottom"},{"overlayX":"end","overlayY":"top"}]},"left":{"__symbolic":"new","expression":{"__symbolic":"reference","module":"@angular/cdk/overlay","name":"ConnectionPositionPair","line":34,"character":12},"arguments":[{"originX":"start","originY":"center"},{"overlayX":"end","overlayY":"center"}]},"leftTop":{"__symbolic":"new","expression":{"__symbolic":"reference","module":"@angular/cdk/overlay","name":"ConnectionPositionPair","line":35,"character":15},"arguments":[{"originX":"start","originY":"top"},{"overlayX":"end","overlayY":"top"}]},"leftBottom":{"__symbolic":"new","expression":{"__symbolic":"reference","module":"@angular/cdk/overlay","name":"ConnectionPositionPair","line":36,"character":18},"arguments":[{"originX":"start","originY":"bottom"},{"overlayX":"end","overlayY":"bottom"}]}},"DEFAULT_TOOLTIP_POSITIONS":[{"__symbolic":"select","expression":{"__symbolic":"reference","name":"POSITION_MAP"},"member":"top"},{"__symbolic":"select","expression":{"__symbolic":"reference","name":"POSITION_MAP"},"member":"right"},{"__symbolic":"select","expression":{"__symbolic":"reference","name":"POSITION_MAP"},"member":"bottom"},{"__symbolic":"select","expression":{"__symbolic":"reference","name":"POSITION_MAP"},"member":"left"}],"DEFAULT_DROPDOWN_POSITIONS":[{"__symbolic":"select","expression":{"__symbolic":"reference","name":"POSITION_MAP"},"member":"bottomLeft"},{"__symbolic":"select","expression":{"__symbolic":"reference","name":"POSITION_MAP"},"member":"bottomRight"},{"__symbolic":"select","expression":{"__symbolic":"reference","name":"POSITION_MAP"},"member":"topRight"},{"__symbolic":"select","expression":{"__symbolic":"reference","name":"POSITION_MAP"},"member":"topLeft"}],"DEFAULT_SUBMENU_POSITIONS":[{"__symbolic":"select","expression":{"__symbolic":"reference","name":"POSITION_MAP"},"member":"rightTop"},{"__symbolic":"select","expression":{"__symbolic":"reference","name":"POSITION_MAP"},"member":"leftTop"}],"DEFAULT_MENTION_TOP_POSITIONS":[{"__symbolic":"new","expression":{"__symbolic":"reference","module":"@angular/cdk/overlay","name":"ConnectionPositionPair","line":52,"character":6},"arguments":[{"originX":"start","originY":"bottom"},{"overlayX":"start","overlayY":"bottom"}]},{"__symbolic":"new","expression":{"__symbolic":"reference","module":"@angular/cdk/overlay","name":"ConnectionPositionPair","line":53,"character":6},"arguments":[{"originX":"start","originY":"bottom"},{"overlayX":"end","overlayY":"bottom"}]}],"DEFAULT_MENTION_BOTTOM_POSITIONS":[{"__symbolic":"select","expression":{"__symbolic":"reference","name":"POSITION_MAP"},"member":"bottomLeft"},{"__symbolic":"new","expression":{"__symbolic":"reference","module":"@angular/cdk/overlay","name":"ConnectionPositionPair","line":58,"character":6},"arguments":[{"originX":"start","originY":"bottom"},{"overlayX":"end","overlayY":"top"}]}],"getPlacementName":{"__symbolic":"function"},"CandyDateCompareGrain":{"__symbolic":"interface"},"CandyDateType":{"__symbolic":"interface"},"sortRangeValue":{"__symbolic":"function"},"CandyDate":{"__symbolic":"class","members":{"__ctor__":[{"__symbolic":"constructor","parameters":[{"__symbolic":"reference","name":"Date"}]}],"calendarStart":[{"__symbolic":"method"}],"getYear":[{"__symbolic":"method"}],"getMonth":[{"__symbolic":"method"}],"getDay":[{"__symbolic":"method"}],"getTime":[{"__symbolic":"method"}],"getDate":[{"__symbolic":"method"}],"getHours":[{"__symbolic":"method"}],"getMinutes":[{"__symbolic":"method"}],"getSeconds":[{"__symbolic":"method"}],"getMilliseconds":[{"__symbolic":"method"}],"clone":[{"__symbolic":"method"}],"setHms":[{"__symbolic":"method"}],"setYear":[{"__symbolic":"method"}],"addYears":[{"__symbolic":"method"}],"setMonth":[{"__symbolic":"method"}],"addMonths":[{"__symbolic":"method"}],"setDay":[{"__symbolic":"method"}],"setDate":[{"__symbolic":"method"}],"addDays":[{"__symbolic":"method"}],"isSame":[{"__symbolic":"method"}],"isSameYear":[{"__symbolic":"method"}],"isSameMonth":[{"__symbolic":"method"}],"isSameDay":[{"__symbolic":"method"}],"isSameHour":[{"__symbolic":"method"}],"isSameMinute":[{"__symbolic":"method"}],"isSameSecond":[{"__symbolic":"method"}],"compare":[{"__symbolic":"method"}],"isBeforeYear":[{"__symbolic":"method"}],"isBeforeMonth":[{"__symbolic":"method"}],"isBeforeDay":[{"__symbolic":"method"}],"isBeforeHour":[{"__symbolic":"method"}],"isBeforeMinute":[{"__symbolic":"method"}],"isBeforeSecond":[{"__symbolic":"method"}],"isAfterYear":[{"__symbolic":"method"}],"isAfterMonth":[{"__symbolic":"method"}],"isAfterDay":[{"__symbolic":"method"}],"isAfterHour":[{"__symbolic":"method"}],"isAfterMinute":[{"__symbolic":"method"}],"isAfterSecond":[{"__symbolic":"method"}],"isToday":[{"__symbolic":"method"}],"isValid":[{"__symbolic":"method"}],"toNativeDate":[{"__symbolic":"method"}]}},"timeUnits":[["Y",31536000000],["M",2592000000],["D",86400000],["H",3600000],["m",60000],["s",1000],["S",1]],"cancelRequestAnimationFrame":{"__symbolic":"function"},"reqAnimFrame":{"__symbolic":"error","message":"Reference to a non-exported function","line":24,"character":9,"context":{"name":"getRequestAnimationFrame"},"module":"./polyfill/request-animation"},"EasyingFn":{"__symbolic":"interface"},"NzScrollService":{"__symbolic":"class","decorators":[{"__symbolic":"call","expression":{"__symbolic":"reference","module":"@angular/core","name":"Injectable","line":25,"character":1}}],"members":{"__ctor__":[{"__symbolic":"constructor","parameterDecorators":[[{"__symbolic":"call","expression":{"__symbolic":"reference","module":"@angular/core","name":"Inject","line":30,"character":15},"arguments":[{"__symbolic":"reference","module":"@angular/common","name":"DOCUMENT","line":30,"character":22}]}]],"parameters":[{"__symbolic":"reference","name":"any"}]}],"setScrollTop":[{"__symbolic":"method"}],"getOffset":[{"__symbolic":"method"}],"getScroll":[{"__symbolic":"method"}],"scrollTo":[{"__symbolic":"method"}]}},"SCROLL_SERVICE_PROVIDER_FACTORY":{"__symbolic":"function","parameters":["doc","scrollService"],"value":{"__symbolic":"binop","operator":"||","left":{"__symbolic":"reference","name":"scrollService"},"right":{"__symbolic":"new","expression":{"__symbolic":"reference","name":"NzScrollService"},"arguments":[{"__symbolic":"reference","name":"doc"}]}}},"SCROLL_SERVICE_PROVIDER":{"provide":{"__symbolic":"reference","name":"NzScrollService"},"useFactory":{"__symbolic":"reference","name":"SCROLL_SERVICE_PROVIDER_FACTORY"},"deps":[{"__symbolic":"reference","module":"@angular/common","name":"DOCUMENT","line":117,"character":9},[{"__symbolic":"new","expression":{"__symbolic":"reference","module":"@angular/core","name":"Optional","line":117,"character":24}},{"__symbolic":"new","expression":{"__symbolic":"reference","module":"@angular/core","name":"SkipSelf","line":117,"character":40}},{"__symbolic":"reference","name":"NzScrollService"}]]},"NzUpdateHostClassService":{"__symbolic":"class","decorators":[{"__symbolic":"call","expression":{"__symbolic":"reference","module":"@angular/core","name":"Injectable","line":12,"character":1}}],"members":{"updateHostClass":[{"__symbolic":"method"}],"removeClass":[{"__symbolic":"method"}],"addClass":[{"__symbolic":"method"}],"__ctor__":[{"__symbolic":"constructor","parameters":[{"__symbolic":"reference","module":"@angular/core","name":"RendererFactory2","line":39,"character":32}]}]}},"NzCopyToClipboardService":{"__symbolic":"class","decorators":[{"__symbolic":"call","expression":{"__symbolic":"reference","module":"@angular/core","name":"Injectable","line":12,"character":1},"arguments":[{"providedIn":{"__symbolic":"reference","name":"NzCopyToClipboardServiceModule"}}]}],"members":{"__ctor__":[{"__symbolic":"constructor","parameterDecorators":[[{"__symbolic":"call","expression":{"__symbolic":"reference","module":"@angular/core","name":"Inject","line":17,"character":15},"arguments":[{"__symbolic":"reference","module":"@angular/common","name":"DOCUMENT","line":17,"character":22}]}]],"parameters":[{"__symbolic":"reference","name":"any"}]}],"copy":[{"__symbolic":"method"}]},"statics":{"ngInjectableDef":{}}},"NzCopyToClipboardServiceModule":{"__symbolic":"class","decorators":[{"__symbolic":"call","expression":{"__symbolic":"reference","module":"@angular/core","name":"NgModule","line":10,"character":1}}],"members":{}},"NzDomEventService":{"__symbolic":"class","decorators":[{"__symbolic":"call","expression":{"__symbolic":"reference","module":"@angular/core","name":"Injectable","line":18,"character":1},"arguments":[{"providedIn":"root"}]}],"members":{"__ctor__":[{"__symbolic":"constructor","parameters":[{"__symbolic":"reference","module":"@angular/core","name":"NgZone","line":26,"character":30},{"__symbolic":"reference","module":"@angular/core","name":"RendererFactory2","line":26,"character":64}]}],"registerResizeListener":[{"__symbolic":"method"}],"unregisterResizeListener":[{"__symbolic":"method"}],"tryToStartListener":[{"__symbolic":"method"}],"tryToStopListener":[{"__symbolic":"method"}]},"statics":{"ngInjectableDef":{}}},"NzSingletonService":{"__symbolic":"class","decorators":[{"__symbolic":"call","expression":{"__symbolic":"reference","module":"@angular/core","name":"Injectable","line":28,"character":1},"arguments":[{"providedIn":"root"}]}],"members":{"registerSingletonWithKey":[{"__symbolic":"method"}],"getSingletonWithKey":[{"__symbolic":"method"}],"withNewTarget":[{"__symbolic":"method"}]},"statics":{"ngInjectableDef":{}}},"NzDragService":{"__symbolic":"class","decorators":[{"__symbolic":"call","expression":{"__symbolic":"reference","module":"@angular/core","name":"Injectable","line":38,"character":1},"arguments":[{"providedIn":"root"}]}],"members":{"__ctor__":[{"__symbolic":"constructor","parameters":[{"__symbolic":"reference","module":"@angular/core","name":"RendererFactory2","line":48,"character":32}]}],"requestDraggingSequence":[{"__symbolic":"method"}],"registerDraggingHandler":[{"__symbolic":"method"}],"teardownDraggingSequence":[{"__symbolic":"method"}]},"statics":{"ngInjectableDef":{}}},"dispatchEvent":{"__symbolic":"function"},"dispatchFakeEvent":{"__symbolic":"function","parameters":["node","type","canBubble"],"value":{"__symbolic":"call","expression":{"__symbolic":"reference","name":"dispatchEvent"},"arguments":[{"__symbolic":"reference","name":"node"},{"__symbolic":"call","expression":{"__symbolic":"reference","name":"createFakeEvent"},"arguments":[{"__symbolic":"reference","name":"type"},{"__symbolic":"reference","name":"canBubble"}]}]}},"dispatchKeyboardEvent":{"__symbolic":"function","parameters":["node","type","keyCode","target"],"value":{"__symbolic":"call","expression":{"__symbolic":"reference","name":"dispatchEvent"},"arguments":[{"__symbolic":"reference","name":"node"},{"__symbolic":"call","expression":{"__symbolic":"reference","name":"createKeyboardEvent"},"arguments":[{"__symbolic":"reference","name":"type"},{"__symbolic":"reference","name":"keyCode"},{"__symbolic":"reference","name":"target"}]}]}},"dispatchMouseEvent":{"__symbolic":"function","parameters":["node","type","x","y","event"],"defaults":[null,null,0,0,{"__symbolic":"call","expression":{"__symbolic":"reference","name":"createMouseEvent"},"arguments":[{"__symbolic":"reference","name":"type"},{"__symbolic":"reference","name":"x"},{"__symbolic":"reference","name":"y"}]}],"value":{"__symbolic":"call","expression":{"__symbolic":"reference","name":"dispatchEvent"},"arguments":[{"__symbolic":"reference","name":"node"},{"__symbolic":"reference","name":"event"}]}},"dispatchTouchEvent":{"__symbolic":"function","parameters":["node","type","x","y"],"defaults":[null,null,0,0],"value":{"__symbolic":"call","expression":{"__symbolic":"reference","name":"dispatchEvent"},"arguments":[{"__symbolic":"reference","name":"node"},{"__symbolic":"call","expression":{"__symbolic":"reference","name":"createTouchEvent"},"arguments":[{"__symbolic":"reference","name":"type"},{"__symbolic":"reference","name":"x"},{"__symbolic":"reference","name":"y"}]}]}},"createMouseEvent":{"__symbolic":"function"},"createTouchEvent":{"__symbolic":"function"},"createKeyboardEvent":{"__symbolic":"function"},"createFakeEvent":{"__symbolic":"function"},"typeInElement":{"__symbolic":"function"},"wrappedErrorMessage":{"__symbolic":"function"},"FakeViewportRuler":{"__symbolic":"class","members":{"getViewportRect":[{"__symbolic":"method"}],"getViewportSize":[{"__symbolic":"method"}],"getViewportScrollPosition":[{"__symbolic":"method"}]}},"MockNgZone":{"__symbolic":"class","extends":{"__symbolic":"reference","module":"@angular/core","name":"NgZone","line":18,"character":32},"decorators":[{"__symbolic":"call","expression":{"__symbolic":"reference","module":"@angular/core","name":"Injectable","line":17,"character":1}}],"members":{"__ctor__":[{"__symbolic":"constructor"}],"run":[{"__symbolic":"method"}],"runOutsideAngular":[{"__symbolic":"method"}],"simulateZoneExit":[{"__symbolic":"method"}]}},"NzTreeNodeOptions":{"__symbolic":"interface"},"NzTreeNode":{"__symbolic":"class","members":{"__ctor__":[{"__symbolic":"constructor","parameters":[{"__symbolic":"reference","name":"any"},{"__symbolic":"reference","name":"NzTreeNode"},{"__symbolic":"reference","name":"NzTreeBaseService"}]}],"setSyncChecked":[{"__symbolic":"method"}],"setChecked":[{"__symbolic":"method"}],"setExpanded":[{"__symbolic":"method"}],"setSelected":[{"__symbolic":"method"}],"getParentNode":[{"__symbolic":"method"}],"getChildren":[{"__symbolic":"method"}],"addChildren":[{"__symbolic":"method"}],"clearChildren":[{"__symbolic":"method"}],"remove":[{"__symbolic":"method"}],"afterValueChange":[{"__symbolic":"method"}],"update":[{"__symbolic":"method"}]}},"NzFormatEmitEvent":{"__symbolic":"interface"},"NzFormatBeforeDropEvent":{"__symbolic":"interface"},"NzTreeNodeBaseComponent":{"__symbolic":"interface"},"NzTreeBaseService":{"__symbolic":"class","decorators":[{"__symbolic":"call","expression":{"__symbolic":"reference","module":"@angular/core","name":"Injectable","line":17,"character":1}}],"members":{"eventTriggerChanged":[{"__symbolic":"method"}],"initTree":[{"__symbolic":"method"}],"getSelectedNode":[{"__symbolic":"method"}],"getSelectedNodeList":[{"__symbolic":"method"}],"getCheckedNodeList":[{"__symbolic":"method"}],"getHalfCheckedNodeList":[{"__symbolic":"method"}],"getExpandedNodeList":[{"__symbolic":"method"}],"getMatchedNodeList":[{"__symbolic":"method"}],"isArrayOfNzTreeNode":[{"__symbolic":"method"}],"calcSelectedKeys":[{"__symbolic":"method"}],"calcExpandedKeys":[{"__symbolic":"method"}],"calcCheckedKeys":[{"__symbolic":"method"}],"setSelectedNode":[{"__symbolic":"method"}],"setNodeActive":[{"__symbolic":"method"}],"setSelectedNodeList":[{"__symbolic":"method"}],"setHalfCheckedNodeList":[{"__symbolic":"method"}],"setCheckedNodeList":[{"__symbolic":"method"}],"conductNodeState":[{"__symbolic":"method"}],"setExpandedNodeList":[{"__symbolic":"method"}],"refreshCheckState":[{"__symbolic":"method"}],"conduct":[{"__symbolic":"method"}],"conductUp":[{"__symbolic":"method"}],"conductDown":[{"__symbolic":"method"}],"searchExpand":[{"__symbolic":"method"}],"afterRemove":[{"__symbolic":"method"}],"refreshDragNode":[{"__symbolic":"method"}],"resetNodeLevel":[{"__symbolic":"method"}],"calcDropPosition":[{"__symbolic":"method"}],"dropAndApply":[{"__symbolic":"method"}],"formatEvent":[{"__symbolic":"method"}],"ngOnDestroy":[{"__symbolic":"method"}]}},"NzTreeHigherOrderServiceToken":{"__symbolic":"new","expression":{"__symbolic":"reference","module":"@angular/core","name":"InjectionToken","line":12,"character":49},"arguments":["NzTreeHigherOrder"]},"NzTreeBase":{"__symbolic":"class","members":{"__ctor__":[{"__symbolic":"constructor","parameters":[{"__symbolic":"reference","name":"NzTreeBaseService"}]}],"coerceTreeNodes":[{"__symbolic":"method"}],"getTreeNodes":[{"__symbolic":"method"}],"getTreeNodeByKey":[{"__symbolic":"method"}],"getCheckedNodeList":[{"__symbolic":"method"}],"getSelectedNodeList":[{"__symbolic":"method"}],"getHalfCheckedNodeList":[{"__symbolic":"method"}],"getExpandedNodeList":[{"__symbolic":"method"}],"getMatchedNodeList":[{"__symbolic":"method"}]}},"FunctionProp":{"__symbolic":"interface"},"NzDirectionVHIType":{"__symbolic":"interface"},"NzDirectionVHType":{"__symbolic":"interface"},"NzFourDirectionType":{"__symbolic":"interface"},"NzAlignType":{"__symbolic":"interface"},"NzDropDownPosition":{"__symbolic":"interface"},"IndexableObject":{"__symbolic":"interface"},"NgClassType":{"__symbolic":"interface"},"NgClassInterface":{"__symbolic":"interface"},"NgStyleInterface":{"__symbolic":"interface"},"NzSizeLDSType":{"__symbolic":"interface"},"NzSizeMDSType":{"__symbolic":"interface"},"NzSizeDSType":{"__symbolic":"interface"},"NzSizeMap":{"__symbolic":"interface"},"NzTSType":{"__symbolic":"interface"},"NzShapeSCType":{"__symbolic":"interface"},"CompareWith":{"__symbolic":"interface"},"toArray":{"__symbolic":"function"},"arraysEqual":{"__symbolic":"function"},"shallowCopyArray":{"__symbolic":"function","parameters":["source"],"value":{"__symbolic":"call","expression":{"__symbolic":"select","expression":{"__symbolic":"reference","name":"source"},"member":"slice"}}},"isNotNil":{"__symbolic":"function","parameters":["value"],"value":{"__symbolic":"binop","operator":"&&","left":{"__symbolic":"binop","operator":"!==","left":{"__symbolic":"error","message":"Expression form not supported","line":13,"character":9,"module":"./util/check"},"right":"undefined"},"right":{"__symbolic":"binop","operator":"!==","left":{"__symbolic":"reference","name":"value"},"right":null}}},"isNil":{"__symbolic":"function","parameters":["value"],"value":{"__symbolic":"binop","operator":"||","left":{"__symbolic":"binop","operator":"===","left":{"__symbolic":"error","message":"Expression form not supported","line":17,"character":9,"module":"./util/check"},"right":"undefined"},"right":{"__symbolic":"binop","operator":"===","left":{"__symbolic":"reference","name":"value"},"right":null}}},"shallowEqual":{"__symbolic":"function"},"isInteger":{"__symbolic":"function","parameters":["value"],"value":{"__symbolic":"binop","operator":"&&","left":{"__symbolic":"binop","operator":"&&","left":{"__symbolic":"binop","operator":"===","left":{"__symbolic":"error","message":"Expression form not supported","line":56,"character":9,"module":"./util/check"},"right":"number"},"right":{"__symbolic":"call","expression":{"__symbolic":"reference","name":"isFinite"},"arguments":[{"__symbolic":"reference","name":"value"}]}},"right":{"__symbolic":"binop","operator":"===","left":{"__symbolic":"call","expression":{"__symbolic":"select","expression":{"__symbolic":"reference","name":"Math"},"member":"floor"},"arguments":[{"__symbolic":"reference","name":"value"}]},"right":{"__symbolic":"reference","name":"value"}}}},"isEmpty":{"__symbolic":"function"},"filterNotEmptyNode":{"__symbolic":"function"},"isNonEmptyString":{"__symbolic":"function","parameters":["value"],"value":{"__symbolic":"binop","operator":"&&","left":{"__symbolic":"binop","operator":"===","left":{"__symbolic":"error","message":"Expression form not supported","line":85,"character":9,"module":"./util/check"},"right":"string"},"right":{"__symbolic":"binop","operator":"!==","left":{"__symbolic":"reference","name":"value"},"right":""}}},"isTemplateRef":{"__symbolic":"function","parameters":["value"],"value":{"__symbolic":"binop","operator":"instanceof","left":{"__symbolic":"reference","name":"value"},"right":{"__symbolic":"reference","module":"@angular/core","name":"TemplateRef","line":90,"character":26}}},"isComponent":{"__symbolic":"function","parameters":["value"],"value":{"__symbolic":"binop","operator":"instanceof","left":{"__symbolic":"reference","name":"value"},"right":{"__symbolic":"reference","module":"@angular/core","name":"Type","line":95,"character":26}}},"toBoolean":{"__symbolic":"function","parameters":["value"],"value":{"__symbolic":"call","expression":{"__symbolic":"reference","module":"@angular/cdk/coercion","name":"coerceBooleanProperty","line":14,"character":9},"arguments":[{"__symbolic":"reference","name":"value"}]}},"toNumber":{"__symbolic":"function","parameters":["value","fallbackValue"],"defaults":[null,0],"value":{"__symbolic":"if","condition":{"__symbolic":"call","expression":{"__symbolic":"reference","module":"@angular/cdk/coercion","name":"_isNumberValue","line":20,"character":9},"arguments":[{"__symbolic":"reference","name":"value"}]},"thenExpression":{"__symbolic":"call","expression":{"__symbolic":"reference","name":"Number"},"arguments":[{"__symbolic":"reference","name":"value"}]},"elseExpression":{"__symbolic":"reference","name":"fallbackValue"}}},"toCssPixel":{"__symbolic":"function","parameters":["value"],"value":{"__symbolic":"call","expression":{"__symbolic":"reference","module":"@angular/cdk/coercion","name":"coerceCssPixelValue","line":24,"character":9},"arguments":[{"__symbolic":"reference","name":"value"}]}},"valueFunctionProp":{"__symbolic":"function","parameters":["prop","args"],"value":{"__symbolic":"if","condition":{"__symbolic":"binop","operator":"===","left":{"__symbolic":"error","message":"Expression form not supported","line":34,"character":9,"module":"./util/convert"},"right":"function"},"thenExpression":{"__symbolic":"call","expression":{"__symbolic":"reference","name":"prop"},"arguments":[{"__symbolic":"spread","expression":{"__symbolic":"reference","name":"args"}}]},"elseExpression":{"__symbolic":"reference","name":"prop"}}},"InputBoolean":{"__symbolic":"function","parameters":[],"value":{"__symbolic":"error","message":"Reference to a non-exported function","line":37,"character":9,"context":{"name":"propDecoratorFactory"},"module":"./util/convert"}},"InputCssPixel":{"__symbolic":"function","parameters":[],"value":{"__symbolic":"error","message":"Reference to a non-exported function","line":37,"character":9,"context":{"name":"propDecoratorFactory"},"module":"./util/convert"}},"InputNumber":{"__symbolic":"function","parameters":[],"value":{"__symbolic":"error","message":"Reference to a non-exported function","line":37,"character":9,"context":{"name":"propDecoratorFactory"},"module":"./util/convert"}},"silentEvent":{"__symbolic":"function"},"getElementOffset":{"__symbolic":"function"},"findFirstNotEmptyNode":{"__symbolic":"function"},"findLastNotEmptyNode":{"__symbolic":"function"},"reverseChildNodes":{"__symbolic":"function"},"isTouchEvent":{"__symbolic":"function","parameters":["event"],"value":{"__symbolic":"call","expression":{"__symbolic":"select","expression":{"__symbolic":"select","expression":{"__symbolic":"reference","name":"event"},"member":"type"},"member":"startsWith"},"arguments":["touch"]}},"getEventPosition":{"__symbolic":"function","parameters":["event"],"value":{"__symbolic":"if","condition":{"__symbolic":"call","expression":{"__symbolic":"reference","name":"isTouchEvent"},"arguments":[{"__symbolic":"reference","name":"event"}]},"thenExpression":{"__symbolic":"binop","operator":"||","left":{"__symbolic":"index","expression":{"__symbolic":"select","expression":{"__symbolic":"reference","name":"event"},"member":"touches"},"index":0},"right":{"__symbolic":"index","expression":{"__symbolic":"select","expression":{"__symbolic":"reference","name":"event"},"member":"changedTouches"},"index":0}},"elseExpression":{"__symbolic":"reference","name":"event"}}},"MouseTouchObserverConfig":{"__symbolic":"interface"},"getRegExp":{"__symbolic":"function"},"getMentions":{"__symbolic":"function"},"padStart":{"__symbolic":"function"},"padEnd":{"__symbolic":"function"},"getRepeatedElement":{"__symbolic":"function","parameters":["length","element"],"value":{"__symbolic":"call","expression":{"__symbolic":"select","expression":{"__symbolic":"call","expression":{"__symbolic":"select","expression":{"__symbolic":"call","expression":{"__symbolic":"reference","name":"Array"},"arguments":[{"__symbolic":"reference","name":"length"}]},"member":"fill"},"arguments":[{"__symbolic":"reference","name":"element"}]},"member":"join"},"arguments":[""]}},"isPromise":{"__symbolic":"function","parameters":["obj"],"value":{"__symbolic":"binop","operator":"&&","left":{"__symbolic":"binop","operator":"&&","left":{"__symbolic":"pre","operator":"!","operand":{"__symbolic":"pre","operator":"!","operand":{"__symbolic":"reference","name":"obj"}}},"right":{"__symbolic":"binop","operator":"===","left":{"__symbolic":"error","message":"Expression form not supported","line":10,"character":18,"module":"./util/is-promise"},"right":"function"}},"right":{"__symbolic":"binop","operator":"===","left":{"__symbolic":"error","message":"Expression form not supported","line":10,"character":52,"module":"./util/is-promise"},"right":"function"}}},"getPercent":{"__symbolic":"function","parameters":["min","max","value"],"value":{"__symbolic":"binop","operator":"*","left":{"__symbolic":"binop","operator":"/","left":{"__symbolic":"binop","operator":"-","left":{"__symbolic":"reference","name":"value"},"right":{"__symbolic":"reference","name":"min"}},"right":{"__symbolic":"binop","operator":"-","left":{"__symbolic":"reference","name":"max"},"right":{"__symbolic":"reference","name":"min"}}},"right":100}},"getPrecision":{"__symbolic":"function"},"ensureNumberInRange":{"__symbolic":"function"},"scrollIntoView":{"__symbolic":"function"},"properties":["direction","boxSizing","width","height","overflowX","overflowY","borderTopWidth","borderRightWidth","borderBottomWidth","borderLeftWidth","borderStyle","paddingTop","paddingRight","paddingBottom","paddingLeft","fontStyle","fontVariant","fontWeight","fontStretch","fontSize","fontSizeAdjust","lineHeight","fontFamily","textAlign","textTransform","textIndent","textDecoration","letterSpacing","wordSpacing","tabSize","MozTabSize"],"Coordinates":{"__symbolic":"interface"},"getCaretCoordinates":{"__symbolic":"function"},"createDebugEle":{"__symbolic":"function"},"isStyleSupport":{"__symbolic":"function"},"getStyleAsText":{"__symbolic":"function"},"MeasureResult":{"__symbolic":"interface"},"pxToNumber":{"__symbolic":"function"},"measure":{"__symbolic":"function"},"measureScrollbar":{"__symbolic":"function"},"ensureInBounds":{"__symbolic":"function","parameters":["value","boundValue"],"value":{"__symbolic":"if","condition":{"__symbolic":"reference","name":"value"},"thenExpression":{"__symbolic":"if","condition":{"__symbolic":"binop","operator":"<","left":{"__symbolic":"reference","name":"value"},"right":{"__symbolic":"reference","name":"boundValue"}},"thenExpression":{"__symbolic":"reference","name":"value"},"elseExpression":{"__symbolic":"reference","name":"boundValue"}},"elseExpression":{"__symbolic":"reference","name":"boundValue"}}},"inNextTick":{"__symbolic":"function"},"NzWaveRenderer":{"__symbolic":"class","members":{"__ctor__":[{"__symbolic":"constructor","parameters":[{"__symbolic":"error","message":"Could not resolve type","line":22,"character":38,"context":{"typeName":"HTMLElement"},"module":"./wave/nz-wave-renderer"},{"__symbolic":"reference","module":"@angular/core","name":"NgZone","line":22,"character":67},{"__symbolic":"reference","name":"boolean"}]}],"bindTriggerEvent":[{"__symbolic":"method"}],"removeTriggerEvent":[{"__symbolic":"method"}],"removeStyleAndExtraNode":[{"__symbolic":"method"}],"destroy":[{"__symbolic":"method"}],"fadeOutWave":[{"__symbolic":"method"}],"isValidColor":[{"__symbolic":"method"}],"isNotGrey":[{"__symbolic":"method"}],"getWaveColor":[{"__symbolic":"method"}],"runTimeoutOutsideZone":[{"__symbolic":"method"}]}},"NzWaveConfig":{"__symbolic":"interface"},"NZ_WAVE_GLOBAL_DEFAULT_CONFIG":{"disabled":false},"NZ_WAVE_GLOBAL_CONFIG":{"__symbolic":"new","expression":{"__symbolic":"reference","module":"@angular/core","name":"InjectionToken","line":30,"character":41},"arguments":["nz-wave-global-options",{"providedIn":"root","factory":{"__symbolic":"reference","name":"NZ_WAVE_GLOBAL_CONFIG_FACTORY"}}]},"NZ_WAVE_GLOBAL_CONFIG_FACTORY":{"__symbolic":"function","parameters":[],"value":{"__symbolic":"reference","name":"NZ_WAVE_GLOBAL_DEFAULT_CONFIG"}},"NzWaveDirective":{"__symbolic":"class","decorators":[{"__symbolic":"call","expression":{"__symbolic":"reference","module":"@angular/core","name":"Directive","line":39,"character":1},"arguments":[{"selector":"[nz-wave]","exportAs":"nzWave"}]}],"members":{"nzWaveExtraNode":[{"__symbolic":"property","decorators":[{"__symbolic":"call","expression":{"__symbolic":"reference","module":"@angular/core","name":"Input","line":44,"character":3}}]}],"__ctor__":[{"__symbolic":"constructor","parameterDecorators":[null,null,[{"__symbolic":"call","expression":{"__symbolic":"reference","module":"@angular/core","name":"Optional","line":60,"character":5}},{"__symbolic":"call","expression":{"__symbolic":"reference","module":"@angular/core","name":"Inject","line":60,"character":17},"arguments":[{"__symbolic":"reference","name":"NZ_WAVE_GLOBAL_CONFIG"}]}],[{"__symbolic":"call","expression":{"__symbolic":"reference","module":"@angular/core","name":"Optional","line":61,"character":5}},{"__symbolic":"call","expression":{"__symbolic":"reference","module":"@angular/core","name":"Inject","line":61,"character":17},"arguments":[{"__symbolic":"reference","module":"@angular/platform-browser/animations","name":"ANIMATION_MODULE_TYPE","line":61,"character":24}]}]],"parameters":[{"__symbolic":"reference","module":"@angular/core","name":"NgZone","line":58,"character":20},{"__symbolic":"reference","module":"@angular/core","name":"ElementRef","line":59,"character":24},{"__symbolic":"reference","name":"any"},{"__symbolic":"reference","name":"string"}]}],"isConfigDisabled":[{"__symbolic":"method"}],"ngOnDestroy":[{"__symbolic":"method"}],"ngOnInit":[{"__symbolic":"method"}],"renderWaveIfEnabled":[{"__symbolic":"method"}],"disable":[{"__symbolic":"method"}],"enable":[{"__symbolic":"method"}]}},"NzWaveModule":{"__symbolic":"class","decorators":[{"__symbolic":"call","expression":{"__symbolic":"reference","module":"@angular/core","name":"NgModule","line":12,"character":1},"arguments":[{"imports":[{"__symbolic":"reference","module":"@angular/cdk/platform","name":"PlatformModule","line":13,"character":12}],"exports":[{"__symbolic":"reference","name":"NzWaveDirective"}],"declarations":[{"__symbolic":"reference","name":"NzWaveDirective"}]}]}],"members":{}},"NzMenuBaseService":{"__symbolic":"class","decorators":[{"__symbolic":"call","expression":{"__symbolic":"reference","module":"@angular/core","name":"Injectable","line":13,"character":1}}],"members":{"onMenuItemClick":[{"__symbolic":"method"}],"setMode":[{"__symbolic":"method"}],"setTheme":[{"__symbolic":"method"}],"setInlineIndent":[{"__symbolic":"method"}]}},"NzDropdownHigherOrderServiceToken":{"__symbolic":"new","expression":{"__symbolic":"reference","module":"@angular/core","name":"InjectionToken","line":12,"character":53},"arguments":["NzMenuHigherOrder"]},"PREFIX":"[NG-ZORRO]:","warn":{"__symbolic":"error","message":"Lambda not supported","line":35,"character":20,"module":"./logger/logger"},"warnDeprecation":{"__symbolic":"error","message":"Lambda not supported","line":37,"character":31,"module":"./logger/logger"},"log":{"__symbolic":"error","message":"Lambda not supported","line":47,"character":19,"module":"./logger/logger"},"NzBreakpoint":{"xxl":"xxl","xl":"xl","lg":"lg","md":"md","sm":"sm","xs":"xs"},"NzBreakPoint":{"__symbolic":"interface"},"BreakpointMap":{"__symbolic":"interface"},"responsiveMap":{"xs":"(max-width: 575px)","sm":"(min-width: 576px)","md":"(min-width: 768px)","lg":"(min-width: 992px)","xl":"(min-width: 1200px)","xxl":"(min-width: 1600px)"},"NzTransButtonModule":{"__symbolic":"class","decorators":[{"__symbolic":"call","expression":{"__symbolic":"reference","module":"@angular/core","name":"NgModule","line":13,"character":1},"arguments":[{"declarations":[{"__symbolic":"reference","name":"NzTransButtonDirective"}],"exports":[{"__symbolic":"reference","name":"NzTransButtonDirective"}],"imports":[{"__symbolic":"reference","module":"@angular/common","name":"CommonModule","line":16,"character":12}]}]}],"members":{}},"NzTransButtonDirective":{"__symbolic":"class","decorators":[{"__symbolic":"call","expression":{"__symbolic":"reference","module":"@angular/core","name":"Directive","line":10,"character":1},"arguments":[{"selector":"button[nz-trans-button]","host":{"[style.border]":"\"0\"","[style.background]":"\"transparent\"","[style.padding]":"\"0\"","[style.line-height]":"\"inherit\"","$quoted$":["[style.border]","[style.background]","[style.padding]","[style.line-height]"]}}]}],"members":{}},"NzHighlightPipe":{"__symbolic":"class","decorators":[{"__symbolic":"call","expression":{"__symbolic":"reference","module":"@angular/core","name":"Pipe","line":33,"character":1},"arguments":[{"name":"nzHighlight","pure":true}]}],"members":{"transform":[{"__symbolic":"method"}]}},"NzHighlightModule":{"__symbolic":"class","decorators":[{"__symbolic":"call","expression":{"__symbolic":"reference","module":"@angular/core","name":"NgModule","line":12,"character":1},"arguments":[{"imports":[{"__symbolic":"reference","module":"@angular/common","name":"CommonModule","line":13,"character":12}],"exports":[{"__symbolic":"reference","name":"NzHighlightPipe"}],"declarations":[{"__symbolic":"reference","name":"NzHighlightPipe"}]}]}],"members":{}},"NzConfigService":{"__symbolic":"class","decorators":[{"__symbolic":"call","expression":{"__symbolic":"reference","module":"@angular/core","name":"Injectable","line":21,"character":1},"arguments":[{"providedIn":"root"}]}],"members":{"__ctor__":[{"__symbolic":"constructor","parameterDecorators":[[{"__symbolic":"call","expression":{"__symbolic":"reference","module":"@angular/core","name":"Optional","line":30,"character":15}},{"__symbolic":"call","expression":{"__symbolic":"reference","module":"@angular/core","name":"Inject","line":30,"character":27},"arguments":[{"__symbolic":"reference","name":"NZ_CONFIG"}]}]],"parameters":[{"__symbolic":"reference","name":"NzConfig"}]}],"getConfigForComponent":[{"__symbolic":"method"}],"getConfigChangeEventForComponent":[{"__symbolic":"method"}],"set":[{"__symbolic":"method"}]},"statics":{"ngInjectableDef":{}}},"WithConfig":{"__symbolic":"function","parameters":["componentName","innerDefaultValue"],"value":{"__symbolic":"error","message":"Lambda not supported","line":60,"character":9,"module":"./config/config.service"}},"NzConfig":{"__symbolic":"interface"},"AffixConfig":{"__symbolic":"interface"},"AlertConfig":{"__symbolic":"interface"},"AvatarConfig":{"__symbolic":"interface"},"AnchorConfig":{"__symbolic":"interface"},"BackTopConfig":{"__symbolic":"interface"},"BadgeConfig":{"__symbolic":"interface"},"ButtonConfig":{"__symbolic":"interface"},"CodeEditorConfig":{"__symbolic":"interface"},"CardConfig":{"__symbolic":"interface"},"CarouselConfig":{"__symbolic":"interface"},"CascaderConfig":{"__symbolic":"interface"},"CollapseConfig":{"__symbolic":"interface"},"CollapsePanelConfig":{"__symbolic":"interface"},"DescriptionsConfig":{"__symbolic":"interface"},"DrawerConfig":{"__symbolic":"interface"},"EmptyConfig":{"__symbolic":"interface"},"FormConfig":{"__symbolic":"interface"},"GridConfig":{"__symbolic":"interface"},"IconConfig":{"__symbolic":"interface"},"MessageConfig":{"__symbolic":"interface"},"ModalConfig":{"__symbolic":"interface"},"NotificationConfig":{"__symbolic":"interface"},"PageHeaderConfig":{"__symbolic":"interface"},"ProgressConfig":{"__symbolic":"interface"},"RateConfig":{"__symbolic":"interface"},"SpinConfig":{"__symbolic":"interface"},"SwitchConfig":{"__symbolic":"interface"},"TableConfig":{"__symbolic":"interface"},"TabsConfig":{"__symbolic":"interface"},"TimePickerConfig":{"__symbolic":"interface"},"TreeConfig":{"__symbolic":"interface"},"TreeSelectConfig":{"__symbolic":"interface"},"TypographyConfig":{"__symbolic":"interface"},"NzConfigKey":{"__symbolic":"interface"},"NZ_CONFIG":{"__symbolic":"new","expression":{"__symbolic":"reference","module":"@angular/core","name":"InjectionToken","line":261,"character":29},"arguments":["nz-config"]},"NzPipesModule":{"__symbolic":"class","decorators":[{"__symbolic":"call","expression":{"__symbolic":"reference","module":"@angular/core","name":"NgModule","line":14,"character":1},"arguments":[{"imports":[{"__symbolic":"reference","module":"@angular/common","name":"CommonModule","line":15,"character":12}],"exports":[{"__symbolic":"reference","name":"NzTimeRangePipe"},{"__symbolic":"reference","name":"NzToCssUnitPipe"}],"declarations":[{"__symbolic":"reference","name":"NzTimeRangePipe"},{"__symbolic":"reference","name":"NzToCssUnitPipe"}]}]}],"members":{}},"NzTimeRangePipe":{"__symbolic":"class","decorators":[{"__symbolic":"call","expression":{"__symbolic":"reference","module":"@angular/core","name":"Pipe","line":12,"character":1},"arguments":[{"name":"nzTimeRange","pure":true}]}],"members":{"transform":[{"__symbolic":"method"}]}},"NzToCssUnitPipe":{"__symbolic":"class","decorators":[{"__symbolic":"call","expression":{"__symbolic":"reference","module":"@angular/core","name":"Pipe","line":10,"character":1},"arguments":[{"name":"nzToCssUnit"}]}],"members":{"transform":[{"__symbolic":"method"}]}}},"origins":{"NzAddOnModule":"./addon/addon.module","NzClassListAddDirective":"./addon/classlist_add","NzStringTemplateOutletDirective":"./addon/string_template_outlet","AnimationDuration":"./animation/animation-consts","AnimationCurves":"./animation/animation-consts","collapseMotion":"./animation/collapse","treeCollapseMotion":"./animation/collapse","fadeMotion":"./animation/fade","helpMotion":"./animation/help","moveUpMotion":"./animation/move","notificationMotion":"./animation/notification","slideMotion":"./animation/slide","slideAlertMotion":"./animation/slide","zoomMotion":"./animation/zoom","zoomBigMotion":"./animation/zoom","zoomBadgeMotion":"./animation/zoom","NzNoAnimationModule":"./no-animation/nz-no-animation.module","NzNoAnimationDirective":"./no-animation/nz-no-animation.directive","NzConnectedOverlayDirective":"./overlay/nz-connected-overlay","NzOverlayModule":"./overlay/nz-overlay.module","POSITION_MAP":"./overlay/overlay-position","DEFAULT_TOOLTIP_POSITIONS":"./overlay/overlay-position","DEFAULT_DROPDOWN_POSITIONS":"./overlay/overlay-position","DEFAULT_SUBMENU_POSITIONS":"./overlay/overlay-position","DEFAULT_MENTION_TOP_POSITIONS":"./overlay/overlay-position","DEFAULT_MENTION_BOTTOM_POSITIONS":"./overlay/overlay-position","getPlacementName":"./overlay/overlay-position","CandyDateCompareGrain":"./time/candy-date","CandyDateType":"./time/candy-date","sortRangeValue":"./time/candy-date","CandyDate":"./time/candy-date","timeUnits":"./time/time","cancelRequestAnimationFrame":"./polyfill/request-animation","reqAnimFrame":"./polyfill/request-animation","EasyingFn":"./scroll/nz-scroll.service","NzScrollService":"./scroll/nz-scroll.service","SCROLL_SERVICE_PROVIDER_FACTORY":"./scroll/nz-scroll.service","SCROLL_SERVICE_PROVIDER":"./scroll/nz-scroll.service","NzUpdateHostClassService":"./services/update-host-class.service","NzCopyToClipboardService":"./services/nz-copy-to-clipboard.service","NzCopyToClipboardServiceModule":"./services/nz-copy-to-clipboard.service.module","NzDomEventService":"./services/nz-dom-event.service","NzSingletonService":"./services/nz-singleton.service","NzDragService":"./services/drag/nz-drag.service","dispatchEvent":"./testing/dispatch-events","dispatchFakeEvent":"./testing/dispatch-events","dispatchKeyboardEvent":"./testing/dispatch-events","dispatchMouseEvent":"./testing/dispatch-events","dispatchTouchEvent":"./testing/dispatch-events","createMouseEvent":"./testing/event-objects","createTouchEvent":"./testing/event-objects","createKeyboardEvent":"./testing/event-objects","createFakeEvent":"./testing/event-objects","typeInElement":"./testing/type-in-element","wrappedErrorMessage":"./testing/wrapped-error-message","FakeViewportRuler":"./testing/fake-viewport-ruler","MockNgZone":"./testing/mock-ng-zone","NzTreeNodeOptions":"./tree/nz-tree-base-node","NzTreeNode":"./tree/nz-tree-base-node","NzFormatEmitEvent":"./tree/nz-tree-base.definitions","NzFormatBeforeDropEvent":"./tree/nz-tree-base.definitions","NzTreeNodeBaseComponent":"./tree/nz-tree-base.definitions","NzTreeBaseService":"./tree/nz-tree-base.service","NzTreeHigherOrderServiceToken":"./tree/nz-tree-service.resolver","NzTreeBase":"./tree/nz-tree-base","FunctionProp":"./types/common-wrap","NzDirectionVHIType":"./types/direction","NzDirectionVHType":"./types/direction","NzFourDirectionType":"./types/direction","NzAlignType":"./types/direction","NzDropDownPosition":"./types/drop-down-position","IndexableObject":"./types/indexable","NgClassType":"./types/ng-class","NgClassInterface":"./types/ng-class","NgStyleInterface":"./types/ng-class","NzSizeLDSType":"./types/size","NzSizeMDSType":"./types/size","NzSizeDSType":"./types/size","NzSizeMap":"./types/size","NzTSType":"./types/template","NzShapeSCType":"./types/shape","CompareWith":"./types/compare-with","toArray":"./util/array","arraysEqual":"./util/array","shallowCopyArray":"./util/array","isNotNil":"./util/check","isNil":"./util/check","shallowEqual":"./util/check","isInteger":"./util/check","isEmpty":"./util/check","filterNotEmptyNode":"./util/check","isNonEmptyString":"./util/check","isTemplateRef":"./util/check","isComponent":"./util/check","toBoolean":"./util/convert","toNumber":"./util/convert","toCssPixel":"./util/convert","valueFunctionProp":"./util/convert","InputBoolean":"./util/convert","InputCssPixel":"./util/convert","InputNumber":"./util/convert","silentEvent":"./util/dom","getElementOffset":"./util/dom","findFirstNotEmptyNode":"./util/dom","findLastNotEmptyNode":"./util/dom","reverseChildNodes":"./util/dom","isTouchEvent":"./util/dom","getEventPosition":"./util/dom","MouseTouchObserverConfig":"./util/dom","getRegExp":"./util/getMentions","getMentions":"./util/getMentions","padStart":"./util/string","padEnd":"./util/string","getRepeatedElement":"./util/string","isPromise":"./util/is-promise","getPercent":"./util/number","getPrecision":"./util/number","ensureNumberInRange":"./util/number","scrollIntoView":"./util/scroll-into-view-if-needed","properties":"./util/textarea-caret-position","Coordinates":"./util/textarea-caret-position","getCaretCoordinates":"./util/textarea-caret-position","createDebugEle":"./util/textarea-caret-position","isStyleSupport":"./util/style","getStyleAsText":"./util/style","MeasureResult":"./util/text-measure","pxToNumber":"./util/text-measure","measure":"./util/text-measure","measureScrollbar":"./util/measure-scrollbar","ensureInBounds":"./util/ensure-in-bounds","inNextTick":"./util/tick","NzWaveRenderer":"./wave/nz-wave-renderer","NzWaveConfig":"./wave/nz-wave.directive","NZ_WAVE_GLOBAL_DEFAULT_CONFIG":"./wave/nz-wave.directive","NZ_WAVE_GLOBAL_CONFIG":"./wave/nz-wave.directive","NZ_WAVE_GLOBAL_CONFIG_FACTORY":"./wave/nz-wave.directive","NzWaveDirective":"./wave/nz-wave.directive","NzWaveModule":"./wave/nz-wave.module","NzMenuBaseService":"./dropdown/nz-menu-base.service","NzDropdownHigherOrderServiceToken":"./dropdown/nz-dropdown-service.resolver","PREFIX":"./logger/logger","warn":"./logger/logger","warnDeprecation":"./logger/logger","log":"./logger/logger","NzBreakpoint":"./responsive/nz-breakpoint","NzBreakPoint":"./responsive/nz-breakpoint","BreakpointMap":"./responsive/nz-breakpoint","responsiveMap":"./responsive/nz-breakpoint","NzTransButtonModule":"./trans-button/nz-trans-button.module","NzTransButtonDirective":"./trans-button/nz-trans-button.directive","NzHighlightPipe":"./highlight/highlight.pipe","NzHighlightModule":"./highlight/highlight.module","NzConfigService":"./config/config.service","WithConfig":"./config/config.service","NzConfig":"./config/config","AffixConfig":"./config/config","AlertConfig":"./config/config","AvatarConfig":"./config/config","AnchorConfig":"./config/config","BackTopConfig":"./config/config","BadgeConfig":"./config/config","ButtonConfig":"./config/config","CodeEditorConfig":"./config/config","CardConfig":"./config/config","CarouselConfig":"./config/config","CascaderConfig":"./config/config","CollapseConfig":"./config/config","CollapsePanelConfig":"./config/config","DescriptionsConfig":"./config/config","DrawerConfig":"./config/config","EmptyConfig":"./config/config","FormConfig":"./config/config","GridConfig":"./config/config","IconConfig":"./config/config","MessageConfig":"./config/config","ModalConfig":"./config/config","NotificationConfig":"./config/config","PageHeaderConfig":"./config/config","ProgressConfig":"./config/config","RateConfig":"./config/config","SpinConfig":"./config/config","SwitchConfig":"./config/config","TableConfig":"./config/config","TabsConfig":"./config/config","TimePickerConfig":"./config/config","TreeConfig":"./config/config","TreeSelectConfig":"./config/config","TypographyConfig":"./config/config","NzConfigKey":"./config/config","NZ_CONFIG":"./config/config","NzPipesModule":"./pipe/nz-pipe.module","NzTimeRangePipe":"./pipe/nz-time-range.pipe","NzToCssUnitPipe":"./pipe/nz-css-unit.pipe"},"importAs":"ng-zorro-antd/core"}