{"__symbolic":"module","version":4,"metadata":{"NzButtonType":{"__symbolic":"interface"},"NzButtonShape":{"__symbolic":"interface"},"NzButtonComponent":{"__symbolic":"class","decorators":[{"__symbolic":"call","expression":{"__symbolic":"reference","module":"@angular/core","name":"Component","line":56,"character":1},"arguments":[{"selector":"[nz-button]","exportAs":"nzButton","providers":[{"__symbolic":"reference","module":"ng-zorro-antd/core","name":"NzUpdateHostClassService","line":59,"character":14}],"preserveWhitespaces":false,"changeDetection":{"__symbolic":"select","expression":{"__symbolic":"reference","module":"@angular/core","name":"ChangeDetectionStrategy","line":61,"character":19},"member":"OnPush"},"encapsulation":{"__symbolic":"select","expression":{"__symbolic":"reference","module":"@angular/core","name":"ViewEncapsulation","line":62,"character":17},"member":"None"},"template":"<i nz-icon nzType=\"loading\" *ngIf=\"nzLoading\"></i>\n<span #contentElement><ng-content></ng-content></span>"}]}],"members":{"contentElement":[{"__symbolic":"property","decorators":[{"__symbolic":"call","expression":{"__symbolic":"reference","module":"@angular/core","name":"ViewChild","line":66,"character":3},"arguments":["contentElement",{"static":true}]}]}],"listOfIconElement":[{"__symbolic":"property","decorators":[{"__symbolic":"call","expression":{"__symbolic":"reference","module":"@angular/core","name":"ContentChildren","line":67,"character":3},"arguments":[{"__symbolic":"reference","module":"ng-zorro-antd/icon","name":"NzIconDirective","line":67,"character":19},{"read":{"__symbolic":"reference","module":"@angular/core","name":"ElementRef","line":67,"character":44}}]}]}],"nzWave":[{"__symbolic":"property","decorators":[{"__symbolic":"call","expression":{"__symbolic":"reference","module":"@angular/core","name":"HostBinding","line":68,"character":3},"arguments":["attr.nz-wave"]}]}],"nzBlock":[{"__symbolic":"property","decorators":[{"__symbolic":"call","expression":{"__symbolic":"reference","module":"@angular/core","name":"Input","line":75,"character":3}},{"__symbolic":"call","expression":{"__symbolic":"reference","module":"ng-zorro-antd/core","name":"InputBoolean","line":75,"character":12}}]}],"nzGhost":[{"__symbolic":"property","decorators":[{"__symbolic":"call","expression":{"__symbolic":"reference","module":"@angular/core","name":"Input","line":76,"character":3}},{"__symbolic":"call","expression":{"__symbolic":"reference","module":"ng-zorro-antd/core","name":"InputBoolean","line":76,"character":12}}]}],"nzSearch":[{"__symbolic":"property","decorators":[{"__symbolic":"call","expression":{"__symbolic":"reference","module":"@angular/core","name":"Input","line":77,"character":3}},{"__symbolic":"call","expression":{"__symbolic":"reference","module":"ng-zorro-antd/core","name":"InputBoolean","line":77,"character":12}}]}],"nzLoading":[{"__symbolic":"property","decorators":[{"__symbolic":"call","expression":{"__symbolic":"reference","module":"@angular/core","name":"Input","line":78,"character":3}},{"__symbolic":"call","expression":{"__symbolic":"reference","module":"ng-zorro-antd/core","name":"InputBoolean","line":78,"character":12}}]}],"nzType":[{"__symbolic":"property","decorators":[{"__symbolic":"call","expression":{"__symbolic":"reference","module":"@angular/core","name":"Input","line":79,"character":3}}]}],"nzShape":[{"__symbolic":"property","decorators":[{"__symbolic":"call","expression":{"__symbolic":"reference","module":"@angular/core","name":"Input","line":80,"character":3}}]}],"nzSize":[{"__symbolic":"property","decorators":[{"__symbolic":"call","expression":{"__symbolic":"reference","module":"@angular/core","name":"Input","line":81,"character":3}},{"__symbolic":"call","expression":{"__symbolic":"reference","module":"ng-zorro-antd/core","name":"WithConfig","line":81,"character":12},"arguments":["button","default"]}]}],"setClassMap":[{"__symbolic":"method"}],"updateIconDisplay":[{"__symbolic":"method"}],"checkContent":[{"__symbolic":"method"}],"moveIcon":[{"__symbolic":"method"}],"__ctor__":[{"__symbolic":"constructor","parameterDecorators":[null,null,null,null,null,null,null,[{"__symbolic":"call","expression":{"__symbolic":"reference","module":"@angular/core","name":"Optional","line":153,"character":5}},{"__symbolic":"call","expression":{"__symbolic":"reference","module":"@angular/core","name":"Inject","line":153,"character":17},"arguments":[{"__symbolic":"reference","module":"ng-zorro-antd/core","name":"NZ_WAVE_GLOBAL_CONFIG","line":153,"character":24}]}],[{"__symbolic":"call","expression":{"__symbolic":"reference","module":"@angular/core","name":"Optional","line":154,"character":5}},{"__symbolic":"call","expression":{"__symbolic":"reference","module":"@angular/core","name":"Inject","line":154,"character":17},"arguments":[{"__symbolic":"reference","module":"@angular/platform-browser/animations","name":"ANIMATION_MODULE_TYPE","line":154,"character":24}]}]],"parameters":[{"__symbolic":"reference","module":"@angular/core","name":"ElementRef","line":146,"character":24},{"__symbolic":"reference","module":"@angular/core","name":"ChangeDetectorRef","line":147,"character":17},{"__symbolic":"reference","module":"@angular/core","name":"Renderer2","line":148,"character":22},{"__symbolic":"reference","module":"@angular/cdk/observers","name":"ContentObserver","line":149,"character":29},{"__symbolic":"reference","module":"ng-zorro-antd/core","name":"NzUpdateHostClassService","line":150,"character":38},{"__symbolic":"reference","module":"@angular/core","name":"NgZone","line":151,"character":20},{"__symbolic":"reference","module":"ng-zorro-antd/core","name":"NzConfigService","line":152,"character":28},{"__symbolic":"reference","module":"ng-zorro-antd/core","name":"NzWaveConfig","line":153,"character":67},{"__symbolic":"reference","name":"string"}]}],"ngAfterContentInit":[{"__symbolic":"method"}],"ngOnInit":[{"__symbolic":"method"}],"ngOnDestroy":[{"__symbolic":"method"}],"ngOnChanges":[{"__symbolic":"method"}]}},"NzButtonGroupComponent":{"__symbolic":"class","decorators":[{"__symbolic":"call","expression":{"__symbolic":"reference","module":"@angular/core","name":"Component","line":11,"character":1},"arguments":[{"selector":"nz-button-group","exportAs":"nzButtonGroup","changeDetection":{"__symbolic":"select","expression":{"__symbolic":"reference","module":"@angular/core","name":"ChangeDetectionStrategy","line":14,"character":19},"member":"OnPush"},"encapsulation":{"__symbolic":"select","expression":{"__symbolic":"reference","module":"@angular/core","name":"ViewEncapsulation","line":15,"character":17},"member":"None"},"preserveWhitespaces":false,"providers":[{"__symbolic":"reference","module":"ng-zorro-antd/core","name":"NzUpdateHostClassService","line":17,"character":14}],"template":"<ng-content></ng-content>\n"}]}],"members":{"nzSize":[{"__symbolic":"property","decorators":[{"__symbolic":"call","expression":{"__symbolic":"reference","module":"@angular/core","name":"Input","line":24,"character":3}}]}],"__ctor__":[{"__symbolic":"constructor","parameters":[{"__symbolic":"reference","module":"ng-zorro-antd/core","name":"NzUpdateHostClassService","line":34,"character":48},{"__symbolic":"reference","module":"@angular/core","name":"ElementRef","line":34,"character":94}]}],"setClassMap":[{"__symbolic":"method"}],"ngOnInit":[{"__symbolic":"method"}]}},"NzButtonModule":{"__symbolic":"class","decorators":[{"__symbolic":"call","expression":{"__symbolic":"reference","module":"@angular/core","name":"NgModule","line":18,"character":1},"arguments":[{"declarations":[{"__symbolic":"reference","name":"NzButtonComponent"},{"__symbolic":"reference","name":"NzButtonGroupComponent"}],"exports":[{"__symbolic":"reference","name":"NzButtonComponent"},{"__symbolic":"reference","name":"NzButtonGroupComponent"}],"imports":[{"__symbolic":"reference","module":"@angular/common","name":"CommonModule","line":21,"character":12},{"__symbolic":"reference","module":"@angular/cdk/observers","name":"ObserversModule","line":21,"character":26},{"__symbolic":"reference","module":"ng-zorro-antd/core","name":"NzWaveModule","line":21,"character":43},{"__symbolic":"reference","module":"ng-zorro-antd/icon","name":"NzIconModule","line":21,"character":57}]}]}],"members":{}}},"origins":{"NzButtonType":"./nz-button.component","NzButtonShape":"./nz-button.component","NzButtonComponent":"./nz-button.component","NzButtonGroupComponent":"./nz-button-group.component","NzButtonModule":"./nz-button.module"},"importAs":"ng-zorro-antd/button"}