{"__symbolic":"module","version":4,"metadata":{"NzCheckboxComponent":{"__symbolic":"class","decorators":[{"__symbolic":"call","expression":{"__symbolic":"reference","module":"@angular/core","name":"Component","line":34,"character":1},"arguments":[{"selector":"[nz-checkbox]","exportAs":"nzCheckbox","preserveWhitespaces":false,"changeDetection":{"__symbolic":"select","expression":{"__symbolic":"reference","module":"@angular/core","name":"ChangeDetectionStrategy","line":38,"character":19},"member":"OnPush"},"encapsulation":{"__symbolic":"select","expression":{"__symbolic":"reference","module":"@angular/core","name":"ViewEncapsulation","line":39,"character":17},"member":"None"},"providers":[{"provide":{"__symbolic":"reference","module":"@angular/forms","name":"NG_VALUE_ACCESSOR","line":43,"character":15},"useExisting":{"__symbolic":"reference","name":"NzCheckboxComponent"},"multi":true}],"host":{"(click)":"hostClick($event)","$quoted$":["(click)"]},"template":"<span class=\"ant-checkbox\"\n  [class.ant-checkbox-checked]=\"nzChecked && !nzIndeterminate\"\n  [class.ant-checkbox-disabled]=\"nzDisabled\"\n  [class.ant-checkbox-indeterminate]=\"nzIndeterminate\">\n  <input #inputElement [checked]=\"nzChecked\" [ngModel]=\"nzChecked\" [disabled]=\"nzDisabled\" (ngModelChange)=\"innerCheckedChange($event)\" (click)=\"$event.stopPropagation();\" type=\"checkbox\" class=\"ant-checkbox-input\">\n  <span class=\"ant-checkbox-inner\"></span>\n</span>\n<span #contentElement (cdkObserveContent)=\"checkContent()\"><ng-content></ng-content></span>"}]}],"members":{"inputElement":[{"__symbolic":"property","decorators":[{"__symbolic":"call","expression":{"__symbolic":"reference","module":"@angular/core","name":"ViewChild","line":57,"character":3},"arguments":["inputElement",{"static":true}]}]}],"contentElement":[{"__symbolic":"property","decorators":[{"__symbolic":"call","expression":{"__symbolic":"reference","module":"@angular/core","name":"ViewChild","line":58,"character":3},"arguments":["contentElement",{"static":false}]}]}],"nzCheckedChange":[{"__symbolic":"property","decorators":[{"__symbolic":"call","expression":{"__symbolic":"reference","module":"@angular/core","name":"Output","line":59,"character":3}}]}],"nzValue":[{"__symbolic":"property","decorators":[{"__symbolic":"call","expression":{"__symbolic":"reference","module":"@angular/core","name":"Input","line":60,"character":3}}]}],"nzAutoFocus":[{"__symbolic":"property","decorators":[{"__symbolic":"call","expression":{"__symbolic":"reference","module":"@angular/core","name":"Input","line":61,"character":3}},{"__symbolic":"call","expression":{"__symbolic":"reference","module":"ng-zorro-antd/core","name":"InputBoolean","line":61,"character":12}}]}],"nzDisabled":[{"__symbolic":"property","decorators":[{"__symbolic":"call","expression":{"__symbolic":"reference","module":"@angular/core","name":"Input","line":62,"character":3}},{"__symbolic":"call","expression":{"__symbolic":"reference","module":"ng-zorro-antd/core","name":"InputBoolean","line":62,"character":12}}]}],"nzIndeterminate":[{"__symbolic":"property","decorators":[{"__symbolic":"call","expression":{"__symbolic":"reference","module":"@angular/core","name":"Input","line":63,"character":3}},{"__symbolic":"call","expression":{"__symbolic":"reference","module":"ng-zorro-antd/core","name":"InputBoolean","line":63,"character":12}}]}],"nzChecked":[{"__symbolic":"property","decorators":[{"__symbolic":"call","expression":{"__symbolic":"reference","module":"@angular/core","name":"Input","line":64,"character":3}},{"__symbolic":"call","expression":{"__symbolic":"reference","module":"ng-zorro-antd/core","name":"InputBoolean","line":64,"character":12}}]}],"hostClick":[{"__symbolic":"method"}],"innerCheckedChange":[{"__symbolic":"method"}],"updateAutoFocus":[{"__symbolic":"method"}],"writeValue":[{"__symbolic":"method"}],"registerOnChange":[{"__symbolic":"method"}],"registerOnTouched":[{"__symbolic":"method"}],"setDisabledState":[{"__symbolic":"method"}],"focus":[{"__symbolic":"method"}],"blur":[{"__symbolic":"method"}],"checkContent":[{"__symbolic":"method"}],"__ctor__":[{"__symbolic":"constructor","parameterDecorators":[null,null,[{"__symbolic":"call","expression":{"__symbolic":"reference","module":"@angular/core","name":"Optional","line":128,"character":5}}],null,null],"parameters":[{"__symbolic":"reference","name":"ElementRef","module":"@angular/core","arguments":[{"__symbolic":"error","message":"Could not resolve type","line":126,"character":35,"context":{"typeName":"HTMLElement"},"module":"./nz-checkbox.component"}]},{"__symbolic":"reference","module":"@angular/core","name":"Renderer2","line":127,"character":22},{"__symbolic":"reference","name":"NzCheckboxWrapperComponent"},{"__symbolic":"reference","module":"@angular/core","name":"ChangeDetectorRef","line":129,"character":17},{"__symbolic":"reference","module":"@angular/cdk/a11y","name":"FocusMonitor","line":130,"character":26}]}],"ngOnInit":[{"__symbolic":"method"}],"ngOnChanges":[{"__symbolic":"method"}],"ngAfterViewInit":[{"__symbolic":"method"}],"ngOnDestroy":[{"__symbolic":"method"}]}},"NzCheckboxModule":{"__symbolic":"class","decorators":[{"__symbolic":"call","expression":{"__symbolic":"reference","module":"@angular/core","name":"NgModule","line":17,"character":1},"arguments":[{"imports":[{"__symbolic":"reference","module":"@angular/common","name":"CommonModule","line":18,"character":12},{"__symbolic":"reference","module":"@angular/forms","name":"FormsModule","line":18,"character":26},{"__symbolic":"reference","module":"@angular/cdk/observers","name":"ObserversModule","line":18,"character":39}],"declarations":[{"__symbolic":"reference","name":"NzCheckboxComponent"},{"__symbolic":"reference","name":"NzCheckboxGroupComponent"},{"__symbolic":"reference","name":"NzCheckboxWrapperComponent"}],"exports":[{"__symbolic":"reference","name":"NzCheckboxComponent"},{"__symbolic":"reference","name":"NzCheckboxGroupComponent"},{"__symbolic":"reference","name":"NzCheckboxWrapperComponent"}]}]}],"members":{}},"NzCheckBoxOptionInterface":{"__symbolic":"interface"},"NzCheckboxGroupComponent":{"__symbolic":"class","decorators":[{"__symbolic":"call","expression":{"__symbolic":"reference","module":"@angular/core","name":"Component","line":31,"character":1},"arguments":[{"selector":"nz-checkbox-group","exportAs":"nzCheckboxGroup","preserveWhitespaces":false,"encapsulation":{"__symbolic":"select","expression":{"__symbolic":"reference","module":"@angular/core","name":"ViewEncapsulation","line":35,"character":17},"member":"None"},"providers":[{"provide":{"__symbolic":"reference","module":"@angular/forms","name":"NG_VALUE_ACCESSOR","line":39,"character":15},"useExisting":{"__symbolic":"reference","name":"NzCheckboxGroupComponent"},"multi":true}],"template":"<label nz-checkbox\n       class=\"ant-checkbox-group-item\"\n       *ngFor=\"let option of options; trackBy:trackByOption\"\n       [nzDisabled]=\"option.disabled || nzDisabled\"\n       [(nzChecked)]=\"option.checked\"\n       (nzCheckedChange)=\"onOptionChange()\">\n  <span>{{ option.label }}</span>\n</label>"}]}],"members":{"nzDisabled":[{"__symbolic":"property","decorators":[{"__symbolic":"call","expression":{"__symbolic":"reference","module":"@angular/core","name":"Input","line":51,"character":3}},{"__symbolic":"call","expression":{"__symbolic":"reference","module":"ng-zorro-antd/core","name":"InputBoolean","line":51,"character":12}}]}],"onOptionChange":[{"__symbolic":"method"}],"trackByOption":[{"__symbolic":"method"}],"__ctor__":[{"__symbolic":"constructor","parameters":[{"__symbolic":"reference","module":"@angular/core","name":"ElementRef","line":62,"character":24},{"__symbolic":"reference","module":"@angular/cdk/a11y","name":"FocusMonitor","line":63,"character":26},{"__symbolic":"reference","module":"@angular/core","name":"ChangeDetectorRef","line":64,"character":17},{"__symbolic":"reference","module":"@angular/core","name":"Renderer2","line":65,"character":14}]}],"ngOnInit":[{"__symbolic":"method"}],"ngOnDestroy":[{"__symbolic":"method"}],"writeValue":[{"__symbolic":"method"}],"registerOnChange":[{"__symbolic":"method"}],"registerOnTouched":[{"__symbolic":"method"}],"setDisabledState":[{"__symbolic":"method"}]}},"NzCheckboxWrapperComponent":{"__symbolic":"class","decorators":[{"__symbolic":"call","expression":{"__symbolic":"reference","module":"@angular/core","name":"Component","line":20,"character":1},"arguments":[{"selector":"nz-checkbox-wrapper","exportAs":"nzCheckboxWrapper","preserveWhitespaces":false,"changeDetection":{"__symbolic":"select","expression":{"__symbolic":"reference","module":"@angular/core","name":"ChangeDetectionStrategy","line":24,"character":19},"member":"OnPush"},"encapsulation":{"__symbolic":"select","expression":{"__symbolic":"reference","module":"@angular/core","name":"ViewEncapsulation","line":25,"character":17},"member":"None"},"template":"<ng-content></ng-content>"}]}],"members":{"nzOnChange":[{"__symbolic":"property","decorators":[{"__symbolic":"call","expression":{"__symbolic":"reference","module":"@angular/core","name":"Output","line":29,"character":3}}]}],"addCheckbox":[{"__symbolic":"method"}],"removeCheckbox":[{"__symbolic":"method"}],"outputValue":[{"__symbolic":"method"}],"onChange":[{"__symbolic":"method"}],"__ctor__":[{"__symbolic":"constructor","parameters":[{"__symbolic":"reference","module":"@angular/core","name":"Renderer2","line":49,"character":24},{"__symbolic":"reference","module":"@angular/core","name":"ElementRef","line":49,"character":47}]}]}}},"origins":{"NzCheckboxComponent":"./nz-checkbox.component","NzCheckboxModule":"./nz-checkbox.module","NzCheckBoxOptionInterface":"./nz-checkbox-group.component","NzCheckboxGroupComponent":"./nz-checkbox-group.component","NzCheckboxWrapperComponent":"./nz-checkbox-wrapper.component"},"importAs":"ng-zorro-antd/checkbox"}