{"__symbolic":"module","version":4,"metadata":{"NzCollapsePanelComponent":{"__symbolic":"class","decorators":[{"__symbolic":"call","expression":{"__symbolic":"reference","module":"@angular/core","name":"Component","line":30,"character":1},"arguments":[{"selector":"nz-collapse-panel","exportAs":"nzCollapsePanel","changeDetection":{"__symbolic":"select","expression":{"__symbolic":"reference","module":"@angular/core","name":"ChangeDetectionStrategy","line":34,"character":19},"member":"OnPush"},"encapsulation":{"__symbolic":"select","expression":{"__symbolic":"reference","module":"@angular/core","name":"ViewEncapsulation","line":35,"character":17},"member":"None"},"animations":[{"__symbolic":"reference","module":"ng-zorro-antd/core","name":"collapseMotion","line":36,"character":15}],"styles":["\n      nz-collapse-panel {\n        display: block;\n      }\n    "],"host":{"[class.ant-collapse-no-arrow]":"!nzShowArrow","[class.ant-collapse-item-active]":"nzActive","[class.ant-collapse-item-disabled]":"nzDisabled","$quoted$":["[class.ant-collapse-no-arrow]","[class.ant-collapse-item-active]","[class.ant-collapse-item-disabled]"]},"template":"<div role=\"tab\" [attr.aria-expanded]=\"nzActive\" class=\"ant-collapse-header\" (click)=\"clickHeader()\">\n  <ng-container *ngIf=\"nzShowArrow\">\n    <ng-container *nzStringTemplateOutlet=\"nzExpandedIcon\">\n      <i nz-icon [nzType]=\"nzExpandedIcon || 'right'\" class=\"ant-collapse-arrow\" [nzRotate]=\"nzActive ? 90 : 0\"></i>\n    </ng-container>\n  </ng-container>\n  <ng-container *nzStringTemplateOutlet=\"nzHeader\">{{ nzHeader }}</ng-container>\n  <div class=\"ant-collapse-extra\" *ngIf=\"nzExtra\">\n    <ng-container *nzStringTemplateOutlet=\"nzExtra\">{{ nzExtra }}</ng-container>\n  </div>\n</div>\n<div class=\"ant-collapse-content\"\n  [class.ant-collapse-content-active]=\"nzActive\"\n  [@collapseMotion]=\"nzActive ? 'expanded' : 'hidden' \">\n  <div class=\"ant-collapse-content-box\">\n    <ng-content></ng-content>\n  </div>\n</div>\n"}]}],"members":{"nzActive":[{"__symbolic":"property","decorators":[{"__symbolic":"call","expression":{"__symbolic":"reference","module":"@angular/core","name":"Input","line":51,"character":3}},{"__symbolic":"call","expression":{"__symbolic":"reference","module":"ng-zorro-antd/core","name":"InputBoolean","line":51,"character":12}}]}],"nzDisabled":[{"__symbolic":"property","decorators":[{"__symbolic":"call","expression":{"__symbolic":"reference","module":"@angular/core","name":"Input","line":52,"character":3}},{"__symbolic":"call","expression":{"__symbolic":"reference","module":"ng-zorro-antd/core","name":"InputBoolean","line":52,"character":12}}]}],"nzShowArrow":[{"__symbolic":"property","decorators":[{"__symbolic":"call","expression":{"__symbolic":"reference","module":"@angular/core","name":"Input","line":53,"character":3}},{"__symbolic":"call","expression":{"__symbolic":"reference","module":"ng-zorro-antd/core","name":"WithConfig","line":53,"character":12},"arguments":["collapsePanel",true]},{"__symbolic":"call","expression":{"__symbolic":"reference","module":"ng-zorro-antd/core","name":"InputBoolean","line":53,"character":56}}]}],"nzExtra":[{"__symbolic":"property","decorators":[{"__symbolic":"call","expression":{"__symbolic":"reference","module":"@angular/core","name":"Input","line":54,"character":3}}]}],"nzHeader":[{"__symbolic":"property","decorators":[{"__symbolic":"call","expression":{"__symbolic":"reference","module":"@angular/core","name":"Input","line":55,"character":3}}]}],"nzExpandedIcon":[{"__symbolic":"property","decorators":[{"__symbolic":"call","expression":{"__symbolic":"reference","module":"@angular/core","name":"Input","line":56,"character":3}}]}],"nzActiveChange":[{"__symbolic":"property","decorators":[{"__symbolic":"call","expression":{"__symbolic":"reference","module":"@angular/core","name":"Output","line":57,"character":3}}]}],"clickHeader":[{"__symbolic":"method"}],"markForCheck":[{"__symbolic":"method"}],"__ctor__":[{"__symbolic":"constructor","parameterDecorators":[null,null,[{"__symbolic":"call","expression":{"__symbolic":"reference","module":"@angular/core","name":"Host","line":72,"character":5}}],null,null],"parameters":[{"__symbolic":"reference","module":"ng-zorro-antd/core","name":"NzConfigService","line":70,"character":28},{"__symbolic":"reference","module":"@angular/core","name":"ChangeDetectorRef","line":71,"character":17},{"__symbolic":"reference","name":"NzCollapseComponent"},{"__symbolic":"reference","module":"@angular/core","name":"ElementRef","line":73,"character":16},{"__symbolic":"reference","module":"@angular/core","name":"Renderer2","line":74,"character":14}]}],"ngOnInit":[{"__symbolic":"method"}],"ngOnDestroy":[{"__symbolic":"method"}]}},"NzCollapseComponent":{"__symbolic":"class","decorators":[{"__symbolic":"call","expression":{"__symbolic":"reference","module":"@angular/core","name":"Component","line":16,"character":1},"arguments":[{"selector":"nz-collapse","exportAs":"nzCollapse","changeDetection":{"__symbolic":"select","expression":{"__symbolic":"reference","module":"@angular/core","name":"ChangeDetectionStrategy","line":20,"character":19},"member":"OnPush"},"encapsulation":{"__symbolic":"select","expression":{"__symbolic":"reference","module":"@angular/core","name":"ViewEncapsulation","line":21,"character":17},"member":"None"},"styles":["\n      nz-collapse {\n        display: block;\n      }\n    "],"template":"<div class=\"ant-collapse\" [class.ant-collapse-borderless]=\"!nzBordered\">\n  <ng-content></ng-content>\n</div>"}]}],"members":{"nzAccordion":[{"__symbolic":"property","decorators":[{"__symbolic":"call","expression":{"__symbolic":"reference","module":"@angular/core","name":"Input","line":32,"character":3}},{"__symbolic":"call","expression":{"__symbolic":"reference","module":"ng-zorro-antd/core","name":"WithConfig","line":32,"character":12},"arguments":["collapse",false]},{"__symbolic":"call","expression":{"__symbolic":"reference","module":"ng-zorro-antd/core","name":"InputBoolean","line":32,"character":57}}]}],"nzBordered":[{"__symbolic":"property","decorators":[{"__symbolic":"call","expression":{"__symbolic":"reference","module":"@angular/core","name":"Input","line":33,"character":3}},{"__symbolic":"call","expression":{"__symbolic":"reference","module":"ng-zorro-antd/core","name":"WithConfig","line":33,"character":12},"arguments":["collapse",true]},{"__symbolic":"call","expression":{"__symbolic":"reference","module":"ng-zorro-antd/core","name":"InputBoolean","line":33,"character":56}}]}],"__ctor__":[{"__symbolic":"constructor","parameters":[{"__symbolic":"reference","module":"ng-zorro-antd/core","name":"NzConfigService","line":35,"character":38}]}],"addPanel":[{"__symbolic":"method"}],"removePanel":[{"__symbolic":"method"}],"click":[{"__symbolic":"method"}]}},"NzCollapseModule":{"__symbolic":"class","decorators":[{"__symbolic":"call","expression":{"__symbolic":"reference","module":"@angular/core","name":"NgModule","line":16,"character":1},"arguments":[{"declarations":[{"__symbolic":"reference","name":"NzCollapsePanelComponent"},{"__symbolic":"reference","name":"NzCollapseComponent"}],"exports":[{"__symbolic":"reference","name":"NzCollapsePanelComponent"},{"__symbolic":"reference","name":"NzCollapseComponent"}],"imports":[{"__symbolic":"reference","module":"@angular/common","name":"CommonModule","line":19,"character":12},{"__symbolic":"reference","module":"ng-zorro-antd/icon","name":"NzIconModule","line":19,"character":26},{"__symbolic":"reference","module":"ng-zorro-antd/core","name":"NzAddOnModule","line":19,"character":40}]}]}],"members":{}}},"origins":{"NzCollapsePanelComponent":"./nz-collapse-panel.component","NzCollapseComponent":"./nz-collapse.component","NzCollapseModule":"./nz-collapse.module"},"importAs":"ng-zorro-antd/collapse"}