{"__symbolic":"module","version":4,"metadata":{"NzBreadCrumbItemComponent":{"__symbolic":"class","decorators":[{"__symbolic":"call","expression":{"__symbolic":"reference","module":"@angular/core","name":"Component","line":14,"character":1},"arguments":[{"changeDetection":{"__symbolic":"select","expression":{"__symbolic":"reference","module":"@angular/core","name":"ChangeDetectionStrategy","line":15,"character":19},"member":"OnPush"},"encapsulation":{"__symbolic":"select","expression":{"__symbolic":"reference","module":"@angular/core","name":"ViewEncapsulation","line":16,"character":17},"member":"None"},"selector":"nz-breadcrumb-item","exportAs":"nzBreadcrumbItem","preserveWhitespaces":false,"styles":["\n      nz-breadcrumb-item:last-child {\n        color: rgba(0, 0, 0, 0.65);\n      }\n\n      nz-breadcrumb-item:last-child .ant-breadcrumb-separator {\n        display: none;\n      }\n    "],"template":"<ng-container *ngIf=\"!!nzOverlay; else noMenuTpl\">\n  <span class=\"ant-breadcrumb-overlay-link\" nz-dropdown [nzDropdownMenu]=\"nzOverlay\">\n    <ng-template [ngTemplateOutlet]=\"noMenuTpl\"></ng-template>\n    <i *ngIf=\"!!nzOverlay\" nz-icon nzType=\"down\"></i>\n  </span>\n</ng-container>\n\n<ng-template #noMenuTpl>\n  <span class=\"ant-breadcrumb-link\">\n    <ng-content></ng-content>\n  </span>\n</ng-template>\n\n<span class=\"ant-breadcrumb-separator\">\n  <ng-container *nzStringTemplateOutlet=\"nzBreadCrumbComponent.nzSeparator\">\n    {{ nzBreadCrumbComponent.nzSeparator }}\n  </ng-container>\n</span>\n"}]}],"members":{"nzOverlay":[{"__symbolic":"property","decorators":[{"__symbolic":"call","expression":{"__symbolic":"reference","module":"@angular/core","name":"Input","line":37,"character":3}}]}],"__ctor__":[{"__symbolic":"constructor","parameters":[{"__symbolic":"reference","name":"NzBreadCrumbComponent"}]}]}},"BreadcrumbOption":{"__symbolic":"interface"},"NzBreadCrumbComponent":{"__symbolic":"class","decorators":[{"__symbolic":"call","expression":{"__symbolic":"reference","module":"@angular/core","name":"Component","line":34,"character":1},"arguments":[{"changeDetection":{"__symbolic":"select","expression":{"__symbolic":"reference","module":"@angular/core","name":"ChangeDetectionStrategy","line":35,"character":19},"member":"OnPush"},"encapsulation":{"__symbolic":"select","expression":{"__symbolic":"reference","module":"@angular/core","name":"ViewEncapsulation","line":36,"character":17},"member":"None"},"selector":"nz-breadcrumb","exportAs":"nzBreadcrumb","preserveWhitespaces":false,"styles":["\n      nz-breadcrumb {\n        display: block;\n      }\n    "],"template":"<ng-content></ng-content>\n<ng-container *ngIf=\"nzAutoGenerate\">\n  <nz-breadcrumb-item *ngFor=\"let breadcrumb of breadcrumbs\">\n    <a [attr.href]=\"breadcrumb.url\" (click)=\"navigate(breadcrumb.url, $event)\">{{ breadcrumb.label }}</a>\n  </nz-breadcrumb-item>\n</ng-container>"}]}],"members":{"nzAutoGenerate":[{"__symbolic":"property","decorators":[{"__symbolic":"call","expression":{"__symbolic":"reference","module":"@angular/core","name":"Input","line":50,"character":3}},{"__symbolic":"call","expression":{"__symbolic":"reference","module":"ng-zorro-antd/core","name":"InputBoolean","line":50,"character":12}}]}],"nzSeparator":[{"__symbolic":"property","decorators":[{"__symbolic":"call","expression":{"__symbolic":"reference","module":"@angular/core","name":"Input","line":51,"character":3}}]}],"nzRouteLabel":[{"__symbolic":"property","decorators":[{"__symbolic":"call","expression":{"__symbolic":"reference","module":"@angular/core","name":"Input","line":52,"character":3}}]}],"__ctor__":[{"__symbolic":"constructor","parameters":[{"__symbolic":"reference","module":"@angular/core","name":"Injector","line":59,"character":22},{"__symbolic":"reference","module":"@angular/core","name":"NgZone","line":60,"character":20},{"__symbolic":"reference","module":"@angular/core","name":"ChangeDetectorRef","line":61,"character":17},{"__symbolic":"reference","module":"@angular/core","name":"ElementRef","line":62,"character":16},{"__symbolic":"reference","module":"@angular/core","name":"Renderer2","line":63,"character":14}]}],"ngOnInit":[{"__symbolic":"method"}],"ngOnDestroy":[{"__symbolic":"method"}],"navigate":[{"__symbolic":"method"}],"registerRouterChange":[{"__symbolic":"method"}],"getBreadcrumbs":[{"__symbolic":"method"}]}},"NzBreadCrumbModule":{"__symbolic":"class","decorators":[{"__symbolic":"call","expression":{"__symbolic":"reference","module":"@angular/core","name":"NgModule","line":19,"character":1},"arguments":[{"imports":[{"__symbolic":"reference","module":"@angular/common","name":"CommonModule","line":20,"character":12},{"__symbolic":"reference","module":"ng-zorro-antd/core","name":"NzAddOnModule","line":20,"character":26},{"__symbolic":"reference","module":"@angular/cdk/overlay","name":"OverlayModule","line":20,"character":41},{"__symbolic":"reference","module":"ng-zorro-antd/core","name":"NzOverlayModule","line":20,"character":56},{"__symbolic":"reference","module":"ng-zorro-antd/dropdown","name":"NzDropDownModule","line":20,"character":73},{"__symbolic":"reference","module":"ng-zorro-antd/icon","name":"NzIconModule","line":20,"character":91}],"declarations":[{"__symbolic":"reference","name":"NzBreadCrumbComponent"},{"__symbolic":"reference","name":"NzBreadCrumbItemComponent"}],"exports":[{"__symbolic":"reference","name":"NzBreadCrumbComponent"},{"__symbolic":"reference","name":"NzBreadCrumbItemComponent"}]}]}],"members":{}}},"origins":{"NzBreadCrumbItemComponent":"./nz-breadcrumb-item.component","BreadcrumbOption":"./nz-breadcrumb.component","NzBreadCrumbComponent":"./nz-breadcrumb.component","NzBreadCrumbModule":"./nz-breadcrumb.module"},"importAs":"ng-zorro-antd/breadcrumb"}