{"__symbolic":"module","version":4,"metadata":{"PickerResult":{"__symbolic":"interface"},"PickerResultSingle":{"__symbolic":"interface"},"PickerResultRange":{"__symbolic":"interface"},"PresetRanges":{"__symbolic":"interface"},"PanelMode":{"__symbolic":"interface"},"NzDatePickerModule":{"__symbolic":"class","decorators":[{"__symbolic":"call","expression":{"__symbolic":"reference","module":"@angular/core","name":"NgModule","line":26,"character":1},"arguments":[{"imports":[{"__symbolic":"reference","module":"@angular/common","name":"CommonModule","line":27,"character":12},{"__symbolic":"reference","module":"@angular/cdk/overlay","name":"OverlayModule","line":27,"character":26},{"__symbolic":"reference","name":"ɵa"},{"__symbolic":"reference","module":"ng-zorro-antd/icon","name":"NzIconModule","line":27,"character":58},{"__symbolic":"reference","module":"ng-zorro-antd/core","name":"NzOverlayModule","line":27,"character":72},{"__symbolic":"reference","module":"ng-zorro-antd/core","name":"NzNoAnimationModule","line":27,"character":89}],"exports":[{"__symbolic":"reference","name":"NzDatePickerComponent"},{"__symbolic":"reference","name":"NzRangePickerComponent"},{"__symbolic":"reference","name":"NzMonthPickerComponent"},{"__symbolic":"reference","name":"NzYearPickerComponent"},{"__symbolic":"reference","name":"NzWeekPickerComponent"}],"declarations":[{"__symbolic":"reference","name":"ɵp"},{"__symbolic":"reference","name":"ɵm"},{"__symbolic":"reference","name":"ɵo"},{"__symbolic":"reference","name":"NzDatePickerComponent"},{"__symbolic":"reference","name":"NzMonthPickerComponent"},{"__symbolic":"reference","name":"NzYearPickerComponent"},{"__symbolic":"reference","name":"NzWeekPickerComponent"},{"__symbolic":"reference","name":"NzRangePickerComponent"}]}]}],"members":{}},"NzDatePickerComponent":{"__symbolic":"class","extends":{"__symbolic":"reference","name":"ɵm"},"decorators":[{"__symbolic":"call","expression":{"__symbolic":"reference","module":"@angular/core","name":"Component","line":26,"character":1},"arguments":[{"encapsulation":{"__symbolic":"select","expression":{"__symbolic":"reference","module":"@angular/core","name":"ViewEncapsulation","line":27,"character":17},"member":"None"},"changeDetection":{"__symbolic":"select","expression":{"__symbolic":"reference","module":"@angular/core","name":"ChangeDetectionStrategy","line":28,"character":19},"member":"OnPush"},"selector":"nz-date-picker","exportAs":"nzDatePicker","providers":[{"provide":{"__symbolic":"reference","module":"@angular/forms","name":"NG_VALUE_ACCESSOR","line":34,"character":15},"multi":true,"useExisting":{"__symbolic":"reference","name":"NzDatePickerComponent"}}],"template":"<nz-picker\n  [isRange]=\"isRange\"\n  [value]=\"nzValue\"\n  (valueChange)=\"onValueChange($event)\"\n  [open]=\"nzOpen\"\n  [disabled]=\"nzDisabled\"\n  [format]=\"nzFormat\"\n  [allowClear]=\"nzAllowClear\"\n  [autoFocus]=\"nzAutoFocus\"\n  [className]=\"nzClassName\"\n  [placeholder]=\"nzPlaceHolder\"\n  [size]=\"nzSize\"\n  [style]=\"pickerStyle\"\n  [noAnimation]=\"noAnimation?.nzNoAnimation\"\n  (openChange)=\"onOpenChange($event)\"\n>\n  <date-range-popup *ngIf=\"realOpenState\"\n    [isRange]=\"isRange\"\n    [showWeek]=\"showWeek\"\n    [panelMode]=\"nzMode\"\n    (panelModeChange)=\"nzOnPanelChange.emit($event)\"\n    [value]=\"nzValue\"\n    (valueChange)=\"onValueChange($event)\"\n    (inputChange)=\"onValueChange($event, true)\"\n    (calendarChange)=\"onCalendarChange($event)\"\n    [locale]=\"nzLocale?.lang\"\n    [showToday]=\"realShowToday\"\n    [showTime]=\"nzShowTime\"\n    [format]=\"nzFormat\"\n    [dateRender]=\"nzDateRender\"\n    [disabledDate]=\"nzDisabledDate\"\n    [disabledTime]=\"nzDisabledTime\"\n    [placeholder]=\"nzPlaceHolder\"\n    [dropdownClassName]=\"nzDropdownClassName\"\n    [popupStyle]=\"nzPopupStyle\"\n    [extraFooter]=\"extraFooter\"\n    [ranges]=\"nzRanges\"\n    (resultOk)=\"onResultOk()\"\n    (closePicker)=\"closeOverlay()\"\n  ></date-range-popup>\n</nz-picker>"}]}],"members":{"__ctor__":[{"__symbolic":"constructor","parameterDecorators":[null,null,null,null,null,[{"__symbolic":"call","expression":{"__symbolic":"reference","module":"@angular/core","name":"Host","line":49,"character":5}},{"__symbolic":"call","expression":{"__symbolic":"reference","module":"@angular/core","name":"Optional","line":49,"character":13}}]],"parameters":[{"__symbolic":"reference","module":"ng-zorro-antd/i18n","name":"NzI18nService","line":44,"character":10},{"__symbolic":"reference","module":"@angular/core","name":"ChangeDetectorRef","line":45,"character":9},{"__symbolic":"reference","module":"ng-zorro-antd/i18n","name":"DateHelperService","line":46,"character":16},{"__symbolic":"reference","module":"@angular/core","name":"Renderer2","line":47,"character":14},{"__symbolic":"reference","module":"@angular/core","name":"ElementRef","line":48,"character":16},{"__symbolic":"reference","module":"ng-zorro-antd/core","name":"NzNoAnimationDirective","line":49,"character":45}]}]}},"NzRangePickerComponent":{"__symbolic":"class","extends":{"__symbolic":"reference","name":"ɵm"},"decorators":[{"__symbolic":"call","expression":{"__symbolic":"reference","module":"@angular/core","name":"Component","line":26,"character":1},"arguments":[{"encapsulation":{"__symbolic":"select","expression":{"__symbolic":"reference","module":"@angular/core","name":"ViewEncapsulation","line":27,"character":17},"member":"None"},"changeDetection":{"__symbolic":"select","expression":{"__symbolic":"reference","module":"@angular/core","name":"ChangeDetectionStrategy","line":28,"character":19},"member":"OnPush"},"selector":"nz-range-picker","exportAs":"nzRangePicker","providers":[{"provide":{"__symbolic":"reference","module":"@angular/forms","name":"NG_VALUE_ACCESSOR","line":34,"character":15},"multi":true,"useExisting":{"__symbolic":"reference","name":"NzRangePickerComponent"}}],"template":"<nz-picker\n  [isRange]=\"isRange\"\n  [value]=\"nzValue\"\n  (valueChange)=\"onValueChange($event)\"\n  [open]=\"nzOpen\"\n  [disabled]=\"nzDisabled\"\n  [format]=\"nzFormat\"\n  [allowClear]=\"nzAllowClear\"\n  [autoFocus]=\"nzAutoFocus\"\n  [className]=\"nzClassName\"\n  [placeholder]=\"nzPlaceHolder\"\n  [size]=\"nzSize\"\n  [style]=\"pickerStyle\"\n  [noAnimation]=\"noAnimation?.nzNoAnimation\"\n  (openChange)=\"onOpenChange($event)\"\n>\n  <date-range-popup *ngIf=\"realOpenState\"\n    [isRange]=\"isRange\"\n    [showWeek]=\"showWeek\"\n    [panelMode]=\"nzMode\"\n    (panelModeChange)=\"nzOnPanelChange.emit($event)\"\n    [value]=\"nzValue\"\n    (valueChange)=\"onValueChange($event)\"\n    (inputChange)=\"onValueChange($event, true)\"\n    (calendarChange)=\"onCalendarChange($event)\"\n    [locale]=\"nzLocale?.lang\"\n    [showToday]=\"realShowToday\"\n    [showTime]=\"nzShowTime\"\n    [format]=\"nzFormat\"\n    [dateRender]=\"nzDateRender\"\n    [disabledDate]=\"nzDisabledDate\"\n    [disabledTime]=\"nzDisabledTime\"\n    [placeholder]=\"nzPlaceHolder\"\n    [dropdownClassName]=\"nzDropdownClassName\"\n    [popupStyle]=\"nzPopupStyle\"\n    [extraFooter]=\"extraFooter\"\n    [ranges]=\"nzRanges\"\n    (resultOk)=\"onResultOk()\"\n    (closePicker)=\"closeOverlay()\"\n  ></date-range-popup>\n</nz-picker>"}]}],"members":{"__ctor__":[{"__symbolic":"constructor","parameterDecorators":[null,null,null,null,null,[{"__symbolic":"call","expression":{"__symbolic":"reference","module":"@angular/core","name":"Host","line":49,"character":5}},{"__symbolic":"call","expression":{"__symbolic":"reference","module":"@angular/core","name":"Optional","line":49,"character":13}}]],"parameters":[{"__symbolic":"reference","module":"ng-zorro-antd/i18n","name":"NzI18nService","line":44,"character":10},{"__symbolic":"reference","module":"@angular/core","name":"ChangeDetectorRef","line":45,"character":9},{"__symbolic":"reference","module":"ng-zorro-antd/i18n","name":"DateHelperService","line":46,"character":16},{"__symbolic":"reference","module":"@angular/core","name":"Renderer2","line":47,"character":14},{"__symbolic":"reference","module":"@angular/core","name":"ElementRef","line":48,"character":16},{"__symbolic":"reference","module":"ng-zorro-antd/core","name":"NzNoAnimationDirective","line":49,"character":45}]}]}},"NzMonthPickerComponent":{"__symbolic":"class","extends":{"__symbolic":"reference","name":"ɵp"},"decorators":[{"__symbolic":"call","expression":{"__symbolic":"reference","module":"@angular/core","name":"Component","line":27,"character":1},"arguments":[{"encapsulation":{"__symbolic":"select","expression":{"__symbolic":"reference","module":"@angular/core","name":"ViewEncapsulation","line":28,"character":17},"member":"None"},"changeDetection":{"__symbolic":"select","expression":{"__symbolic":"reference","module":"@angular/core","name":"ChangeDetectionStrategy","line":29,"character":19},"member":"OnPush"},"selector":"nz-month-picker","exportAs":"nzMonthPicker","providers":[{"provide":{"__symbolic":"reference","module":"@angular/forms","name":"NG_VALUE_ACCESSOR","line":35,"character":15},"multi":true,"useExisting":{"__symbolic":"reference","name":"NzMonthPickerComponent"}}],"template":"<nz-picker\n  [isRange]=\"false\"\n  [value]=\"nzValue\"\n  (valueChange)=\"onValueChange($event)\"\n  [open]=\"nzOpen\"\n  [disabled]=\"nzDisabled\"\n  [format]=\"nzFormat\"\n  [allowClear]=\"nzAllowClear\"\n  [autoFocus]=\"nzAutoFocus\"\n  [className]=\"nzClassName\"\n  [placeholder]=\"nzPlaceHolder\"\n  [size]=\"nzSize\"\n  [style]=\"nzStyle\"\n  [noAnimation]=\"noAnimation?.nzNoAnimation\"\n  (openChange)=\"onOpenChange($event)\"\n>\n  <div *ngIf=\"realOpenState\">\n    <div class=\"ant-calendar-picker-container {{ nzDropdownClassName }} ant-calendar-picker-container-placement-bottomLeft\" [ngStyle]=\"nzPopupStyle\">\n      <div class=\"ant-calendar ant-calendar-month ant-calendar-month-calendar\" tabindex=\"0\">\n        <div class=\"ant-calendar-month-calendar-content\">\n          <div class=\"ant-calendar-month-header-wrap\">\n            <calendar-header\n              [disabledMonth]=\"nzDisabledDate\"\n              [disabledYear]=\"nzDisabledDate\"\n              [panelMode]=\"panelMode\"\n              (panelModeChange)=\"onPanelModeChange($event)\"\n              [value]=\"nzValue\"\n              (chooseYear)=\"onChooseValue('year', $event)\"\n              (chooseMonth)=\"onChooseValue('month', $event)\"\n              [locale]=\"nzLocale.lang\"\n              [enablePrev]=\"true\"\n              [enableNext]=\"true\"\n            ></calendar-header>\n          </div>\n          <calendar-footer *ngIf=\"extraFooter\" [extraFooter]=\"extraFooter\"></calendar-footer>\n        </div>\n      </div>\n    </div>\n  </div>\n</nz-picker>"}]}],"members":{"nzFormat":[{"__symbolic":"property","decorators":[{"__symbolic":"call","expression":{"__symbolic":"reference","module":"@angular/core","name":"Input","line":42,"character":3}}]}],"__ctor__":[{"__symbolic":"constructor","parameterDecorators":[null,null,null,null,null,[{"__symbolic":"call","expression":{"__symbolic":"reference","module":"@angular/core","name":"Host","line":52,"character":5}},{"__symbolic":"call","expression":{"__symbolic":"reference","module":"@angular/core","name":"Optional","line":52,"character":13}}]],"parameters":[{"__symbolic":"reference","module":"ng-zorro-antd/i18n","name":"NzI18nService","line":47,"character":10},{"__symbolic":"reference","module":"@angular/core","name":"ChangeDetectorRef","line":48,"character":9},{"__symbolic":"reference","module":"ng-zorro-antd/i18n","name":"DateHelperService","line":49,"character":16},{"__symbolic":"reference","module":"@angular/core","name":"Renderer2","line":50,"character":14},{"__symbolic":"reference","module":"@angular/core","name":"ElementRef","line":51,"character":16},{"__symbolic":"reference","module":"ng-zorro-antd/core","name":"NzNoAnimationDirective","line":52,"character":45}]}]}},"NzWeekPickerComponent":{"__symbolic":"class","extends":{"__symbolic":"reference","name":"ɵm"},"decorators":[{"__symbolic":"call","expression":{"__symbolic":"reference","module":"@angular/core","name":"Component","line":26,"character":1},"arguments":[{"encapsulation":{"__symbolic":"select","expression":{"__symbolic":"reference","module":"@angular/core","name":"ViewEncapsulation","line":27,"character":17},"member":"None"},"changeDetection":{"__symbolic":"select","expression":{"__symbolic":"reference","module":"@angular/core","name":"ChangeDetectionStrategy","line":28,"character":19},"member":"OnPush"},"selector":"nz-week-picker","exportAs":"nzWeekPicker","providers":[{"provide":{"__symbolic":"reference","module":"@angular/forms","name":"NG_VALUE_ACCESSOR","line":34,"character":15},"multi":true,"useExisting":{"__symbolic":"reference","name":"NzWeekPickerComponent"}}],"template":"<nz-picker\n  [isRange]=\"isRange\"\n  [value]=\"nzValue\"\n  (valueChange)=\"onValueChange($event)\"\n  [open]=\"nzOpen\"\n  [disabled]=\"nzDisabled\"\n  [format]=\"nzFormat\"\n  [allowClear]=\"nzAllowClear\"\n  [autoFocus]=\"nzAutoFocus\"\n  [className]=\"nzClassName\"\n  [placeholder]=\"nzPlaceHolder\"\n  [size]=\"nzSize\"\n  [style]=\"pickerStyle\"\n  [noAnimation]=\"noAnimation?.nzNoAnimation\"\n  (openChange)=\"onOpenChange($event)\"\n>\n  <date-range-popup *ngIf=\"realOpenState\"\n    [isRange]=\"isRange\"\n    [showWeek]=\"showWeek\"\n    [panelMode]=\"nzMode\"\n    (panelModeChange)=\"nzOnPanelChange.emit($event)\"\n    [value]=\"nzValue\"\n    (valueChange)=\"onValueChange($event)\"\n    (inputChange)=\"onValueChange($event, true)\"\n    (calendarChange)=\"onCalendarChange($event)\"\n    [locale]=\"nzLocale?.lang\"\n    [showToday]=\"realShowToday\"\n    [showTime]=\"nzShowTime\"\n    [format]=\"nzFormat\"\n    [dateRender]=\"nzDateRender\"\n    [disabledDate]=\"nzDisabledDate\"\n    [disabledTime]=\"nzDisabledTime\"\n    [placeholder]=\"nzPlaceHolder\"\n    [dropdownClassName]=\"nzDropdownClassName\"\n    [popupStyle]=\"nzPopupStyle\"\n    [extraFooter]=\"extraFooter\"\n    [ranges]=\"nzRanges\"\n    (resultOk)=\"onResultOk()\"\n    (closePicker)=\"closeOverlay()\"\n  ></date-range-popup>\n</nz-picker>"}]}],"members":{"__ctor__":[{"__symbolic":"constructor","parameterDecorators":[null,null,null,null,null,[{"__symbolic":"call","expression":{"__symbolic":"reference","module":"@angular/core","name":"Host","line":49,"character":5}},{"__symbolic":"call","expression":{"__symbolic":"reference","module":"@angular/core","name":"Optional","line":49,"character":13}}]],"parameters":[{"__symbolic":"reference","module":"ng-zorro-antd/i18n","name":"NzI18nService","line":44,"character":10},{"__symbolic":"reference","module":"@angular/core","name":"ChangeDetectorRef","line":45,"character":9},{"__symbolic":"reference","module":"ng-zorro-antd/i18n","name":"DateHelperService","line":46,"character":16},{"__symbolic":"reference","module":"@angular/core","name":"Renderer2","line":47,"character":14},{"__symbolic":"reference","module":"@angular/core","name":"ElementRef","line":48,"character":16},{"__symbolic":"reference","module":"ng-zorro-antd/core","name":"NzNoAnimationDirective","line":49,"character":45}]}]}},"NzYearPickerComponent":{"__symbolic":"class","extends":{"__symbolic":"reference","name":"ɵp"},"decorators":[{"__symbolic":"call","expression":{"__symbolic":"reference","module":"@angular/core","name":"Component","line":27,"character":1},"arguments":[{"encapsulation":{"__symbolic":"select","expression":{"__symbolic":"reference","module":"@angular/core","name":"ViewEncapsulation","line":28,"character":17},"member":"None"},"changeDetection":{"__symbolic":"select","expression":{"__symbolic":"reference","module":"@angular/core","name":"ChangeDetectionStrategy","line":29,"character":19},"member":"OnPush"},"selector":"nz-year-picker","exportAs":"nzYearPicker","providers":[{"provide":{"__symbolic":"reference","module":"@angular/forms","name":"NG_VALUE_ACCESSOR","line":35,"character":15},"multi":true,"useExisting":{"__symbolic":"reference","name":"NzYearPickerComponent"}}],"template":"<nz-picker\n  [isRange]=\"false\"\n  [value]=\"nzValue\"\n  (valueChange)=\"onValueChange($event)\"\n  [open]=\"nzOpen\"\n  [disabled]=\"nzDisabled\"\n  [format]=\"nzFormat\"\n  [allowClear]=\"nzAllowClear\"\n  [autoFocus]=\"nzAutoFocus\"\n  [className]=\"nzClassName\"\n  [placeholder]=\"nzPlaceHolder\"\n  [size]=\"nzSize\"\n  [style]=\"nzStyle\"\n  [noAnimation]=\"noAnimation?.nzNoAnimation\"\n  (openChange)=\"onOpenChange($event)\"\n>\n  <div *ngIf=\"realOpenState\">\n    <div class=\"ant-calendar-picker-container {{ nzDropdownClassName }} ant-calendar-picker-container-placement-bottomLeft\" [ngStyle]=\"nzPopupStyle\">\n      <div class=\"ant-calendar ant-calendar-month ant-calendar-month-calendar\" tabindex=\"0\">\n        <div class=\"ant-calendar-month-calendar-content\">\n          <div class=\"ant-calendar-month-header-wrap\">\n            <calendar-header\n              [disabledMonth]=\"nzDisabledDate\"\n              [disabledYear]=\"nzDisabledDate\"\n              [panelMode]=\"panelMode\"\n              (panelModeChange)=\"onPanelModeChange($event)\"\n              [value]=\"nzValue\"\n              (chooseYear)=\"onChooseValue('year', $event)\"\n              (chooseMonth)=\"onChooseValue('month', $event)\"\n              [locale]=\"nzLocale.lang\"\n              [enablePrev]=\"true\"\n              [enableNext]=\"true\"\n            ></calendar-header>\n          </div>\n          <calendar-footer *ngIf=\"extraFooter\" [extraFooter]=\"extraFooter\"></calendar-footer>\n        </div>\n      </div>\n    </div>\n  </div>\n</nz-picker>"}]}],"members":{"nzFormat":[{"__symbolic":"property","decorators":[{"__symbolic":"call","expression":{"__symbolic":"reference","module":"@angular/core","name":"Input","line":42,"character":3}}]}],"__ctor__":[{"__symbolic":"constructor","parameterDecorators":[null,null,null,null,null,[{"__symbolic":"call","expression":{"__symbolic":"reference","module":"@angular/core","name":"Host","line":52,"character":5}},{"__symbolic":"call","expression":{"__symbolic":"reference","module":"@angular/core","name":"Optional","line":52,"character":13}}]],"parameters":[{"__symbolic":"reference","module":"ng-zorro-antd/i18n","name":"NzI18nService","line":47,"character":10},{"__symbolic":"reference","module":"@angular/core","name":"ChangeDetectorRef","line":48,"character":9},{"__symbolic":"reference","module":"ng-zorro-antd/i18n","name":"DateHelperService","line":49,"character":16},{"__symbolic":"reference","module":"@angular/core","name":"Renderer2","line":50,"character":14},{"__symbolic":"reference","module":"@angular/core","name":"ElementRef","line":51,"character":16},{"__symbolic":"reference","module":"ng-zorro-antd/core","name":"NzNoAnimationDirective","line":52,"character":45}]}]}},"ɵa":{"__symbolic":"class","decorators":[{"__symbolic":"call","expression":{"__symbolic":"reference","module":"@angular/core","name":"NgModule","line":33,"character":1},"arguments":[{"imports":[{"__symbolic":"reference","module":"@angular/common","name":"CommonModule","line":34,"character":12},{"__symbolic":"reference","module":"@angular/forms","name":"FormsModule","line":34,"character":26},{"__symbolic":"reference","module":"ng-zorro-antd/i18n","name":"NzI18nModule","line":34,"character":39},{"__symbolic":"reference","module":"ng-zorro-antd/time-picker","name":"NzTimePickerModule","line":34,"character":53},{"__symbolic":"reference","module":"ng-zorro-antd/calendar","name":"NzCalendarModule","line":34,"character":73}],"exports":[{"__symbolic":"reference","name":"ɵb"},{"__symbolic":"reference","name":"ɵc"},{"__symbolic":"reference","name":"ɵd"},{"__symbolic":"reference","name":"ɵe"},{"__symbolic":"reference","name":"ɵf"},{"__symbolic":"reference","name":"ɵg"},{"__symbolic":"reference","name":"ɵh"},{"__symbolic":"reference","name":"ɵi"},{"__symbolic":"reference","name":"ɵj"},{"__symbolic":"reference","name":"ɵk"},{"__symbolic":"reference","name":"ɵl"}],"declarations":[{"__symbolic":"reference","name":"ɵb"},{"__symbolic":"reference","name":"ɵc"},{"__symbolic":"reference","name":"ɵd"},{"__symbolic":"reference","name":"ɵe"},{"__symbolic":"reference","name":"ɵf"},{"__symbolic":"reference","name":"ɵg"},{"__symbolic":"reference","name":"ɵh"},{"__symbolic":"reference","name":"ɵi"},{"__symbolic":"reference","name":"ɵj"},{"__symbolic":"reference","name":"ɵk"},{"__symbolic":"reference","name":"ɵl"}]}]}],"members":{}},"ɵb":{"__symbolic":"class","decorators":[{"__symbolic":"call","expression":{"__symbolic":"reference","module":"@angular/core","name":"Component","line":25,"character":1},"arguments":[{"encapsulation":{"__symbolic":"select","expression":{"__symbolic":"reference","module":"@angular/core","name":"ViewEncapsulation","line":26,"character":17},"member":"None"},"changeDetection":{"__symbolic":"select","expression":{"__symbolic":"reference","module":"@angular/core","name":"ChangeDetectionStrategy","line":27,"character":19},"member":"OnPush"},"selector":"calendar-header","exportAs":"calendarHeader","template":"<div class=\"{{ prefixCls }}-header\">\n  <div style=\"position: relative;\">\n    <a *ngIf=\"enablePrev && !showTimePicker\"\n      class=\"{{ prefixCls }}-prev-year-btn\"\n      role=\"button\"\n      (click)=\"previousYear()\"\n      title=\"{{ locale.previousYear }}\"\n    ></a>\n    <a *ngIf=\"enablePrev && !showTimePicker\"\n      class=\"{{ prefixCls }}-prev-month-btn\"\n      role=\"button\"\n      (click)=\"previousMonth()\"\n      title=\"{{ locale.previousMonth }}\"\n    ></a>\n\n    <span class=\"{{ prefixCls }}-{{ locale.monthBeforeYear ? 'my-select' : 'ym-select' }}\">\n      <ng-container *ngFor=\"let selector of yearMonthDaySelectors\">\n        <a class=\"{{ selector.className }}\"\n          role=\"button\"\n          (click)=\"selector.onClick ? selector.onClick() : null\"\n          title=\"{{ selector.title || null }}\"\n        >\n          {{ selector.label }}\n        </a>\n      </ng-container>\n    </span>\n\n    <a *ngIf=\"enableNext && !showTimePicker\"\n      class=\"{{ prefixCls }}-next-month-btn\"\n      role=\"button\"\n      (click)=\"nextMonth()\"\n      title=\"{{ locale.nextMonth }}\"\n    ></a>\n    <a *ngIf=\"enableNext && !showTimePicker\"\n      class=\"{{ prefixCls }}-next-year-btn\"\n      role=\"button\"\n      (click)=\"nextYear()\"\n      title=\"{{ locale.nextYear }}\"\n    ></a>\n  </div>\n\n  <ng-container [ngSwitch]=\"panelMode\">\n    <ng-container *ngSwitchCase=\"'decade'\">\n      <decade-panel\n        [locale]=\"locale\"\n        [value]=\"value\"\n        (valueChange)=\"onChooseDecade($event)\"\n      ></decade-panel>\n    </ng-container>\n    <ng-container *ngSwitchCase=\"'year'\">\n      <year-panel\n        [locale]=\"locale\"\n        [value]=\"value\"\n        [disabledDate]=\"disabledYear\"\n        (valueChange)=\"onChooseYear($event)\"\n        (decadePanelShow)=\"changePanel('decade')\"\n      ></year-panel>\n    </ng-container>\n    <ng-container *ngSwitchCase=\"'month'\">\n      <month-panel\n        [locale]=\"locale\"\n        [value]=\"value\"\n        [disabledDate]=\"disabledMonth\"\n        (valueChange)=\"onChooseMonth($event)\"\n        (yearPanelShow)=\"changePanel('year')\"\n      ></month-panel>\n    </ng-container>\n  </ng-container>\n</div>"}]}],"members":{"locale":[{"__symbolic":"property","decorators":[{"__symbolic":"call","expression":{"__symbolic":"reference","module":"@angular/core","name":"Input","line":34,"character":3}}]}],"enablePrev":[{"__symbolic":"property","decorators":[{"__symbolic":"call","expression":{"__symbolic":"reference","module":"@angular/core","name":"Input","line":35,"character":3}}]}],"enableNext":[{"__symbolic":"property","decorators":[{"__symbolic":"call","expression":{"__symbolic":"reference","module":"@angular/core","name":"Input","line":36,"character":3}}]}],"disabledMonth":[{"__symbolic":"property","decorators":[{"__symbolic":"call","expression":{"__symbolic":"reference","module":"@angular/core","name":"Input","line":37,"character":3}}]}],"disabledYear":[{"__symbolic":"property","decorators":[{"__symbolic":"call","expression":{"__symbolic":"reference","module":"@angular/core","name":"Input","line":38,"character":3}}]}],"showTimePicker":[{"__symbolic":"property","decorators":[{"__symbolic":"call","expression":{"__symbolic":"reference","module":"@angular/core","name":"Input","line":39,"character":3}}]}],"value":[{"__symbolic":"property","decorators":[{"__symbolic":"call","expression":{"__symbolic":"reference","module":"@angular/core","name":"Input","line":41,"character":3}}]}],"valueChange":[{"__symbolic":"property","decorators":[{"__symbolic":"call","expression":{"__symbolic":"reference","module":"@angular/core","name":"Output","line":42,"character":3}}]}],"panelMode":[{"__symbolic":"property","decorators":[{"__symbolic":"call","expression":{"__symbolic":"reference","module":"@angular/core","name":"Input","line":44,"character":3}}]}],"panelModeChange":[{"__symbolic":"property","decorators":[{"__symbolic":"call","expression":{"__symbolic":"reference","module":"@angular/core","name":"Output","line":45,"character":3}}]}],"chooseDecade":[{"__symbolic":"property","decorators":[{"__symbolic":"call","expression":{"__symbolic":"reference","module":"@angular/core","name":"Output","line":47,"character":3}}]}],"chooseYear":[{"__symbolic":"property","decorators":[{"__symbolic":"call","expression":{"__symbolic":"reference","module":"@angular/core","name":"Output","line":48,"character":3}}]}],"chooseMonth":[{"__symbolic":"property","decorators":[{"__symbolic":"call","expression":{"__symbolic":"reference","module":"@angular/core","name":"Output","line":49,"character":3}}]}],"__ctor__":[{"__symbolic":"constructor","parameters":[{"__symbolic":"reference","module":"ng-zorro-antd/i18n","name":"DateHelperService","line":56,"character":34}]}],"ngOnInit":[{"__symbolic":"method"}],"ngOnChanges":[{"__symbolic":"method"}],"previousYear":[{"__symbolic":"method"}],"nextYear":[{"__symbolic":"method"}],"previousMonth":[{"__symbolic":"method"}],"nextMonth":[{"__symbolic":"method"}],"changePanel":[{"__symbolic":"method"}],"onChooseDecade":[{"__symbolic":"method"}],"onChooseYear":[{"__symbolic":"method"}],"onChooseMonth":[{"__symbolic":"method"}],"changeToMonthPanel":[{"__symbolic":"method"}],"render":[{"__symbolic":"method"}],"gotoMonth":[{"__symbolic":"method"}],"gotoYear":[{"__symbolic":"method"}],"changeValueFromInside":[{"__symbolic":"method"}],"formatDateTime":[{"__symbolic":"method"}],"createYearMonthDaySelectors":[{"__symbolic":"method"}]}},"ɵc":{"__symbolic":"class","decorators":[{"__symbolic":"call","expression":{"__symbolic":"reference","module":"@angular/core","name":"Component","line":23,"character":1},"arguments":[{"encapsulation":{"__symbolic":"select","expression":{"__symbolic":"reference","module":"@angular/core","name":"ViewEncapsulation","line":24,"character":17},"member":"None"},"changeDetection":{"__symbolic":"select","expression":{"__symbolic":"reference","module":"@angular/core","name":"ChangeDetectionStrategy","line":25,"character":19},"member":"OnPush"},"selector":"calendar-input","exportAs":"calendarInput","template":"<div class=\"{{ prefixCls }}-input-wrap\">\n  <div class=\"{{ prefixCls }}-date-input-wrap\">\n    <input\n      class=\"{{ prefixCls }}-input {{ invalidInputClass }}\"\n      placeholder=\"{{ placeholder || locale.dateSelect }}\"\n      value=\"{{ toReadableInput(value) }}\"\n      (input)=\"onInputKeyup($event)\"\n      (keyup.enter)=\"onInputKeyup($event, true)\"\n      #inputElement\n    />\n  </div>\n  <a class=\"{{ prefixCls }}-clear-btn\" role=\"button\" title=\"{{ locale.clear }}\"></a>\n</div>\n"}]}],"members":{"locale":[{"__symbolic":"property","decorators":[{"__symbolic":"call","expression":{"__symbolic":"reference","module":"@angular/core","name":"Input","line":32,"character":3}}]}],"format":[{"__symbolic":"property","decorators":[{"__symbolic":"call","expression":{"__symbolic":"reference","module":"@angular/core","name":"Input","line":33,"character":3}}]}],"placeholder":[{"__symbolic":"property","decorators":[{"__symbolic":"call","expression":{"__symbolic":"reference","module":"@angular/core","name":"Input","line":34,"character":3}}]}],"disabledDate":[{"__symbolic":"property","decorators":[{"__symbolic":"call","expression":{"__symbolic":"reference","module":"@angular/core","name":"Input","line":35,"character":3}}]}],"value":[{"__symbolic":"property","decorators":[{"__symbolic":"call","expression":{"__symbolic":"reference","module":"@angular/core","name":"Input","line":37,"character":3}}]}],"autoFocus":[{"__symbolic":"property","decorators":[{"__symbolic":"call","expression":{"__symbolic":"reference","module":"@angular/core","name":"Input","line":38,"character":3}}]}],"inputRef":[{"__symbolic":"property","decorators":[{"__symbolic":"call","expression":{"__symbolic":"reference","module":"@angular/core","name":"ViewChild","line":39,"character":3},"arguments":["inputElement",{"static":true}]}]}],"valueChange":[{"__symbolic":"property","decorators":[{"__symbolic":"call","expression":{"__symbolic":"reference","module":"@angular/core","name":"Output","line":41,"character":3}}]}],"__ctor__":[{"__symbolic":"constructor","parameters":[{"__symbolic":"reference","module":"ng-zorro-antd/i18n","name":"DateHelperService","line":46,"character":34}]}],"ngOnInit":[{"__symbolic":"method"}],"onInputKeyup":[{"__symbolic":"method"}],"toReadableInput":[{"__symbolic":"method"}],"checkValidInputDate":[{"__symbolic":"method"}]}},"ɵd":{"__symbolic":"class","decorators":[{"__symbolic":"call","expression":{"__symbolic":"reference","module":"@angular/core","name":"Component","line":21,"character":1},"arguments":[{"encapsulation":{"__symbolic":"select","expression":{"__symbolic":"reference","module":"@angular/core","name":"ViewEncapsulation","line":22,"character":17},"member":"None"},"changeDetection":{"__symbolic":"select","expression":{"__symbolic":"reference","module":"@angular/core","name":"ChangeDetectionStrategy","line":23,"character":19},"member":"OnPush"},"selector":"calendar-footer","exportAs":"calendarFooter","template":"<div class=\"{{ prefixCls }}-footer {{ isRange ? prefixCls + '-range-bottom' : '' }} {{ hasTimePicker ? prefixCls + '-footer-show-ok' : '' }}\">\n  <div *ngIf=\"rangeQuickSelector\" class=\"{{ prefixCls }}-footer-extra {{ prefixCls }}-range-quick-selector\">\n    <ng-container *ngTemplateOutlet=\"rangeQuickSelector\"></ng-container>\n  </div>\n  <div *ngIf=\"extraFooter\" class=\"{{ prefixCls }}-footer-extra {{ isRange ? prefixCls + '-range-quick-selector' : '' }}\">\n    <ng-container [ngSwitch]=\"true\">\n      <ng-container *ngSwitchCase=\"isTemplateRef(extraFooter)\">\n        <ng-container *ngTemplateOutlet=\"extraFooter\"></ng-container>\n      </ng-container>\n      <ng-container *ngSwitchCase=\"isNonEmptyString(extraFooter)\">\n        <span [innerHTML]=\"extraFooter\"></span>\n      </ng-container>\n    </ng-container>\n  </div>\n  <span *ngIf=\"showToday || hasTimePicker\" class=\"{{ prefixCls }}-footer-btn\">\n    <today-button\n      *ngIf=\"showToday\"\n      [locale]=\"locale\"\n      [disabledDate]=\"disabledDate\"\n      [hasTimePicker]=\"hasTimePicker\"\n      (clickToday)=\"clickToday.emit($event)\"\n    ></today-button>\n    <time-picker-button\n      *ngIf=\"hasTimePicker\"\n      [locale]=\"locale\"\n      [timePickerDisabled]=\"timePickerDisabled\"\n      [showTimePicker]=\"showTimePicker\"\n      (showTimePickerChange)=\"showTimePickerChange.emit($event)\"\n    ></time-picker-button>\n    <ok-button\n      *ngIf=\"hasTimePicker\"\n      [okDisabled]=\"okDisabled\"\n      [locale]=\"locale\"\n      (clickOk)=\"clickOk.emit()\"\n    ></ok-button>\n  </span>\n</div>"}]}],"members":{"locale":[{"__symbolic":"property","decorators":[{"__symbolic":"call","expression":{"__symbolic":"reference","module":"@angular/core","name":"Input","line":30,"character":3}}]}],"showToday":[{"__symbolic":"property","decorators":[{"__symbolic":"call","expression":{"__symbolic":"reference","module":"@angular/core","name":"Input","line":31,"character":3}}]}],"hasTimePicker":[{"__symbolic":"property","decorators":[{"__symbolic":"call","expression":{"__symbolic":"reference","module":"@angular/core","name":"Input","line":32,"character":3}}]}],"isRange":[{"__symbolic":"property","decorators":[{"__symbolic":"call","expression":{"__symbolic":"reference","module":"@angular/core","name":"Input","line":33,"character":3}}]}],"showTimePicker":[{"__symbolic":"property","decorators":[{"__symbolic":"call","expression":{"__symbolic":"reference","module":"@angular/core","name":"Input","line":35,"character":3}}]}],"showTimePickerChange":[{"__symbolic":"property","decorators":[{"__symbolic":"call","expression":{"__symbolic":"reference","module":"@angular/core","name":"Output","line":36,"character":3}}]}],"timePickerDisabled":[{"__symbolic":"property","decorators":[{"__symbolic":"call","expression":{"__symbolic":"reference","module":"@angular/core","name":"Input","line":38,"character":3}}]}],"okDisabled":[{"__symbolic":"property","decorators":[{"__symbolic":"call","expression":{"__symbolic":"reference","module":"@angular/core","name":"Input","line":39,"character":3}}]}],"disabledDate":[{"__symbolic":"property","decorators":[{"__symbolic":"call","expression":{"__symbolic":"reference","module":"@angular/core","name":"Input","line":40,"character":3}}]}],"extraFooter":[{"__symbolic":"property","decorators":[{"__symbolic":"call","expression":{"__symbolic":"reference","module":"@angular/core","name":"Input","line":41,"character":3}}]}],"rangeQuickSelector":[{"__symbolic":"property","decorators":[{"__symbolic":"call","expression":{"__symbolic":"reference","module":"@angular/core","name":"Input","line":42,"character":3}}]}],"clickOk":[{"__symbolic":"property","decorators":[{"__symbolic":"call","expression":{"__symbolic":"reference","module":"@angular/core","name":"Output","line":44,"character":3}}]}],"clickToday":[{"__symbolic":"property","decorators":[{"__symbolic":"call","expression":{"__symbolic":"reference","module":"@angular/core","name":"Output","line":45,"character":3}}]}]}},"ɵe":{"__symbolic":"class","decorators":[{"__symbolic":"call","expression":{"__symbolic":"reference","module":"@angular/core","name":"Component","line":12,"character":1},"arguments":[{"encapsulation":{"__symbolic":"select","expression":{"__symbolic":"reference","module":"@angular/core","name":"ViewEncapsulation","line":13,"character":17},"member":"None"},"changeDetection":{"__symbolic":"select","expression":{"__symbolic":"reference","module":"@angular/core","name":"ChangeDetectionStrategy","line":14,"character":19},"member":"OnPush"},"selector":"ok-button","exportAs":"okButton","template":"<a\n    class=\"{{ prefixCls }}-ok-btn {{ okDisabled ? prefixCls + '-ok-btn-disabled' : '' }}\"\n    role=\"button\"\n    (click)=\"okDisabled ? null : clickOk.emit()\"\n  >\n    {{ locale.ok }}\n  </a>"}]}],"members":{"locale":[{"__symbolic":"property","decorators":[{"__symbolic":"call","expression":{"__symbolic":"reference","module":"@angular/core","name":"Input","line":21,"character":3}}]}],"okDisabled":[{"__symbolic":"property","decorators":[{"__symbolic":"call","expression":{"__symbolic":"reference","module":"@angular/core","name":"Input","line":22,"character":3}}]}],"clickOk":[{"__symbolic":"property","decorators":[{"__symbolic":"call","expression":{"__symbolic":"reference","module":"@angular/core","name":"Output","line":23,"character":3}}]}]}},"ɵf":{"__symbolic":"class","decorators":[{"__symbolic":"call","expression":{"__symbolic":"reference","module":"@angular/core","name":"Component","line":12,"character":1},"arguments":[{"encapsulation":{"__symbolic":"select","expression":{"__symbolic":"reference","module":"@angular/core","name":"ViewEncapsulation","line":13,"character":17},"member":"None"},"changeDetection":{"__symbolic":"select","expression":{"__symbolic":"reference","module":"@angular/core","name":"ChangeDetectionStrategy","line":14,"character":19},"member":"OnPush"},"selector":"time-picker-button","exportAs":"timePickerButton","template":"<a\n  class=\"{{ prefixCls }}-time-picker-btn {{ timePickerDisabled ? prefixCls + '-time-picker-btn-disabled' : '' }}\"\n  role=\"button\"\n  (click)=\"timePickerDisabled ? null : onClick()\"\n>\n  {{ showTimePicker ? locale.dateSelect : locale.timeSelect }}\n</a>"}]}],"members":{"locale":[{"__symbolic":"property","decorators":[{"__symbolic":"call","expression":{"__symbolic":"reference","module":"@angular/core","name":"Input","line":21,"character":3}}]}],"timePickerDisabled":[{"__symbolic":"property","decorators":[{"__symbolic":"call","expression":{"__symbolic":"reference","module":"@angular/core","name":"Input","line":22,"character":3}}]}],"showTimePicker":[{"__symbolic":"property","decorators":[{"__symbolic":"call","expression":{"__symbolic":"reference","module":"@angular/core","name":"Input","line":24,"character":3}}]}],"showTimePickerChange":[{"__symbolic":"property","decorators":[{"__symbolic":"call","expression":{"__symbolic":"reference","module":"@angular/core","name":"Output","line":25,"character":3}}]}],"onClick":[{"__symbolic":"method"}]}},"ɵg":{"__symbolic":"class","decorators":[{"__symbolic":"call","expression":{"__symbolic":"reference","module":"@angular/core","name":"Component","line":22,"character":1},"arguments":[{"encapsulation":{"__symbolic":"select","expression":{"__symbolic":"reference","module":"@angular/core","name":"ViewEncapsulation","line":23,"character":17},"member":"None"},"changeDetection":{"__symbolic":"select","expression":{"__symbolic":"reference","module":"@angular/core","name":"ChangeDetectionStrategy","line":24,"character":19},"member":"OnPush"},"selector":"today-button","exportAs":"todayButton","template":"<a\n  class=\"{{ prefixCls }}-today-btn {{ isDisabled ? prefixCls + '-today-btn-disabled' : '' }}\"\n  role=\"button\"\n  (click)=\"isDisabled ? null : onClickToday()\"\n  title=\"{{ title }}\"\n>\n  {{ hasTimePicker ? locale.now : locale.today }}\n</a>"}]}],"members":{"locale":[{"__symbolic":"property","decorators":[{"__symbolic":"call","expression":{"__symbolic":"reference","module":"@angular/core","name":"Input","line":31,"character":3}}]}],"hasTimePicker":[{"__symbolic":"property","decorators":[{"__symbolic":"call","expression":{"__symbolic":"reference","module":"@angular/core","name":"Input","line":32,"character":3}}]}],"disabledDate":[{"__symbolic":"property","decorators":[{"__symbolic":"call","expression":{"__symbolic":"reference","module":"@angular/core","name":"Input","line":33,"character":3}}]}],"clickToday":[{"__symbolic":"property","decorators":[{"__symbolic":"call","expression":{"__symbolic":"reference","module":"@angular/core","name":"Output","line":35,"character":3}}]}],"__ctor__":[{"__symbolic":"constructor","parameters":[{"__symbolic":"reference","module":"ng-zorro-antd/i18n","name":"DateHelperService","line":43,"character":34}]}],"ngOnChanges":[{"__symbolic":"method"}],"onClickToday":[{"__symbolic":"method"}]}},"ɵh":{"__symbolic":"class","decorators":[{"__symbolic":"call","expression":{"__symbolic":"reference","module":"@angular/core","name":"Component","line":25,"character":1},"arguments":[{"encapsulation":{"__symbolic":"select","expression":{"__symbolic":"reference","module":"@angular/core","name":"ViewEncapsulation","line":26,"character":17},"member":"None"},"changeDetection":{"__symbolic":"select","expression":{"__symbolic":"reference","module":"@angular/core","name":"ChangeDetectionStrategy","line":27,"character":19},"member":"OnPush"},"selector":"year-panel","exportAs":"yearPanel","styles":["\n      .ant-calendar-year-panel-cell-disabled .ant-calendar-year-panel-year,\n      .ant-calendar-year-panel-cell-disabled .ant-calendar-year-panel-year:hover {\n        color: rgba(0, 0, 0, 0.25);\n        background: #f5f5f5;\n        cursor: not-allowed;\n      }\n    "],"template":"<div class=\"{{ prefixCls }}\">\n  <div>\n    <div class=\"{{ prefixCls }}-header\">\n      <a\n        class=\"{{ prefixCls }}-prev-decade-btn\"\n        role=\"button\"\n        (click)=\"previousDecade()\"\n        title=\"{{ locale.previousDecade }}\"\n      ></a>\n      <a\n        class=\"{{ prefixCls }}-decade-select\"\n        role=\"button\"\n        (click)=\"decadePanelShow.emit()\"\n        title=\"{{ locale.decadeSelect }}\"\n      >\n        <span class=\"{{ prefixCls }}-decade-select-content\">\n          {{ startYear }}-{{ endYear }}\n        </span>\n        <span class=\"{{ prefixCls }}-decade-select-arrow\">x</span>\n      </a>\n\n      <a class=\"{{ prefixCls }}-next-decade-btn\" (click)=\"nextDecade()\" title=\"{{ locale.nextDecade }}\" role=\"button\"></a>\n    </div>\n    <div class=\"{{ prefixCls }}-body\">\n      <table class=\"{{ prefixCls }}-table\" cellSpacing=\"0\" role=\"grid\">\n        <tbody class=\"{{ prefixCls }}-tbody\">\n          <tr *ngFor=\"let row of panelYears\" role=\"row\">\n            <td *ngFor=\"let yearCell of row; trackBy: trackPanelYear\"\n              role=\"gridcell\"\n              title=\"{{ yearCell.title }}\"\n              (click)=\"yearCell.disabled ? null : yearCell.onClick()\"\n              [ngClass]=\"yearCell.classMap\"\n            >\n              <a class=\"{{ prefixCls }}-year\">{{ yearCell.content }}</a>\n            </td>\n          </tr>\n        </tbody>\n      </table>\n    </div>\n  </div>\n</div>"}]}],"members":{"locale":[{"__symbolic":"property","decorators":[{"__symbolic":"call","expression":{"__symbolic":"reference","module":"@angular/core","name":"Input","line":45,"character":3}}]}],"value":[{"__symbolic":"property","decorators":[{"__symbolic":"call","expression":{"__symbolic":"reference","module":"@angular/core","name":"Input","line":47,"character":3}}]}],"valueChange":[{"__symbolic":"property","decorators":[{"__symbolic":"call","expression":{"__symbolic":"reference","module":"@angular/core","name":"Output","line":48,"character":3}}]}],"disabledDate":[{"__symbolic":"property","decorators":[{"__symbolic":"call","expression":{"__symbolic":"reference","module":"@angular/core","name":"Input","line":50,"character":3}}]}],"decadePanelShow":[{"__symbolic":"property","decorators":[{"__symbolic":"call","expression":{"__symbolic":"reference","module":"@angular/core","name":"Output","line":52,"character":3}}]}],"__ctor__":[{"__symbolic":"constructor"}],"ngOnChanges":[{"__symbolic":"method"}],"previousDecade":[{"__symbolic":"method"}],"nextDecade":[{"__symbolic":"method"}],"trackPanelYear":[{"__symbolic":"method"}],"render":[{"__symbolic":"method"}],"gotoYear":[{"__symbolic":"method"}],"chooseYear":[{"__symbolic":"method"}],"makePanelYears":[{"__symbolic":"method"}]}},"ɵi":{"__symbolic":"class","decorators":[{"__symbolic":"call","expression":{"__symbolic":"reference","module":"@angular/core","name":"Component","line":13,"character":1},"arguments":[{"encapsulation":{"__symbolic":"select","expression":{"__symbolic":"reference","module":"@angular/core","name":"ViewEncapsulation","line":14,"character":17},"member":"None"},"changeDetection":{"__symbolic":"select","expression":{"__symbolic":"reference","module":"@angular/core","name":"ChangeDetectionStrategy","line":15,"character":19},"member":"OnPush"},"selector":"month-panel","exportAs":"monthPanel","template":"<div class=\"{{ prefixCls }}\">\n  <div>\n    <div class=\"{{ prefixCls }}-header\">\n      <a\n        class=\"{{ prefixCls }}-prev-year-btn\"\n        role=\"button\"\n        (click)=\"previousYear()\"\n        title=\"{{ locale.previousYear }}\"\n      ></a>\n\n      <a\n        class=\"{{ prefixCls }}-year-select\"\n        role=\"button\"\n        (click)=\"yearPanelShow.emit()\"\n        title=\"{{ locale.yearSelect }}\"\n      >\n        <span class=\"{{ prefixCls }}-year-select-content\">{{ value.getYear() }}</span>\n        <span class=\"{{ prefixCls }}-year-select-arrow\">x</span>\n      </a>\n\n      <a\n        class=\"{{ prefixCls }}-next-year-btn\"\n        role=\"button\"\n        (click)=\"nextYear()\"\n        title=\"{{ locale.nextYear }}\"\n      ></a>\n    </div>\n    <div class=\"{{ prefixCls }}-body\">\n      <month-table [prefixCls]=\"'ant-calendar'\" [disabledDate]=\"disabledDate\" [value]=\"value\" (valueChange)=\"valueChange.emit($event)\"></month-table>\n    </div>\n  </div>\n</div>"}]}],"members":{"locale":[{"__symbolic":"property","decorators":[{"__symbolic":"call","expression":{"__symbolic":"reference","module":"@angular/core","name":"Input","line":21,"character":3}}]}],"value":[{"__symbolic":"property","decorators":[{"__symbolic":"call","expression":{"__symbolic":"reference","module":"@angular/core","name":"Input","line":22,"character":3}}]}],"disabledDate":[{"__symbolic":"property","decorators":[{"__symbolic":"call","expression":{"__symbolic":"reference","module":"@angular/core","name":"Input","line":23,"character":3}}]}],"valueChange":[{"__symbolic":"property","decorators":[{"__symbolic":"call","expression":{"__symbolic":"reference","module":"@angular/core","name":"Output","line":25,"character":3}}]}],"yearPanelShow":[{"__symbolic":"property","decorators":[{"__symbolic":"call","expression":{"__symbolic":"reference","module":"@angular/core","name":"Output","line":26,"character":3}}]}],"previousYear":[{"__symbolic":"method"}],"nextYear":[{"__symbolic":"method"}],"gotoYear":[{"__symbolic":"method"}]}},"ɵj":{"__symbolic":"class","decorators":[{"__symbolic":"call","expression":{"__symbolic":"reference","module":"@angular/core","name":"Component","line":25,"character":1},"arguments":[{"encapsulation":{"__symbolic":"select","expression":{"__symbolic":"reference","module":"@angular/core","name":"ViewEncapsulation","line":26,"character":17},"member":"None"},"changeDetection":{"__symbolic":"select","expression":{"__symbolic":"reference","module":"@angular/core","name":"ChangeDetectionStrategy","line":27,"character":19},"member":"OnPush"},"selector":"decade-panel","exportAs":"decadePanel","template":"<div class=\"{{ prefixCls }}\">\n  <div class=\"{{ prefixCls }}-header\">\n    <a\n      class=\"{{ prefixCls }}-prev-century-btn\"\n      role=\"button\"\n      (click)=\"previousCentury()\"\n      title=\"{{ locale.previousCentury }}\"\n    ></a>\n\n    <div class=\"{{ prefixCls }}-century\">\n      {{ startYear }}-{{ endYear }}\n    </div>\n    <a\n      class=\"{{ prefixCls }}-next-century-btn\"\n      role=\"button\"\n      (click)=\"nextCentury()\"\n      title=\"{{ locale.nextCentury }}\"\n    ></a>\n  </div>\n  <div class=\"{{ prefixCls }}-body\">\n    <table class=\"{{ prefixCls }}-table\" cellSpacing=\"0\" role=\"grid\">\n      <tbody class=\"{{ prefixCls }}-tbody\">\n        <tr *ngFor=\"let row of panelDecades\" role=\"row\">\n          <td *ngFor=\"let cell of row; trackBy: trackPanelDecade\"\n            role=\"gridcell\"\n            title=\"{{ cell.title }}\"\n            (click)=\"cell.onClick()\"\n            [ngClass]=\"cell.classMap\"\n          >\n            <a class=\"{{ prefixCls }}-decade\">{{ cell.content }}</a>\n          </td>\n        </tr>\n      </tbody>\n    </table>\n  </div>\n</div>"}]}],"members":{"locale":[{"__symbolic":"property","decorators":[{"__symbolic":"call","expression":{"__symbolic":"reference","module":"@angular/core","name":"Input","line":34,"character":3}}]}],"value":[{"__symbolic":"property","decorators":[{"__symbolic":"call","expression":{"__symbolic":"reference","module":"@angular/core","name":"Input","line":36,"character":3}}]}],"valueChange":[{"__symbolic":"property","decorators":[{"__symbolic":"call","expression":{"__symbolic":"reference","module":"@angular/core","name":"Output","line":37,"character":3}}]}],"__ctor__":[{"__symbolic":"constructor"}],"ngOnChanges":[{"__symbolic":"method"}],"previousCentury":[{"__symbolic":"method"}],"nextCentury":[{"__symbolic":"method"}],"trackPanelDecade":[{"__symbolic":"method"}],"render":[{"__symbolic":"method"}],"gotoYear":[{"__symbolic":"method"}],"chooseDecade":[{"__symbolic":"method"}],"makePanelDecades":[{"__symbolic":"method"}]}},"ɵk":{"__symbolic":"class","decorators":[{"__symbolic":"call","expression":{"__symbolic":"reference","module":"@angular/core","name":"Component","line":22,"character":1},"arguments":[{"encapsulation":{"__symbolic":"select","expression":{"__symbolic":"reference","module":"@angular/core","name":"ViewEncapsulation","line":23,"character":17},"member":"None"},"changeDetection":{"__symbolic":"select","expression":{"__symbolic":"reference","module":"@angular/core","name":"ChangeDetectionStrategy","line":24,"character":19},"member":"OnPush"},"selector":"inner-popup","exportAs":"innerPopup","template":"<calendar-header\n  [(panelMode)]=\"panelMode\"\n  (panelModeChange)=\"panelModeChange.emit($event)\"\n  [(value)]=\"value\"\n  (valueChange)=\"headerChange.emit($event)\"\n  [locale]=\"locale\"\n  [showTimePicker]=\"showTimePicker\"\n  [enablePrev]=\"enablePrev\"\n  [enableNext]=\"enableNext\"\n></calendar-header>\n\n<ng-container *ngIf=\"showTimePicker && timeOptions\">\n  <nz-time-picker-panel\n    [nzInDatePicker]=\"true\"\n    [ngModel]=\"value?.nativeDate\"\n    (ngModelChange)=\"onSelectTime($event)\"\n    [format]=\"timeOptions.nzFormat\"\n    [nzHourStep]=\"timeOptions.nzHourStep\"\n    [nzMinuteStep]=\"timeOptions.nzMinuteStep\"\n    [nzSecondStep]=\"timeOptions.nzSecondStep\"\n    [nzDisabledHours]=\"timeOptions.nzDisabledHours\"\n    [nzDisabledMinutes]=\"timeOptions.nzDisabledMinutes\"\n    [nzDisabledSeconds]=\"timeOptions.nzDisabledSeconds\"\n    [nzHideDisabledOptions]=\"timeOptions.nzHideDisabledOptions\"\n    [nzDefaultOpenValue]=\"timeOptions.nzDefaultOpenValue\"\n    [nzUse12Hours]=\"timeOptions.nzUse12Hours\"\n    [nzAddOn]=\"timeOptions.nzAddOn\"\n    [opened]=\"true\"\n  ></nz-time-picker-panel>\n  <!-- use [opened] to trigger time panel `initPosition()` -->\n</ng-container>\n\n<div class=\"{{ prefixCls }}-body\">\n  <date-table\n    [locale]=\"locale\"\n    [showWeek]=\"showWeek\"\n    [value]=\"value\"\n    (valueChange)=\"onSelectDate($event)\"\n    showWeekNumber=\"false\"\n    [disabledDate]=\"disabledDate\"\n    [dateCellRender]=\"dateRender\"\n    [selectedValue]=\"selectedValue\"\n    [hoverValue]=\"hoverValue\"\n    (dayHover)=\"dayHover.emit($event)\"\n  ></date-table>\n</div>"}]}],"members":{"showWeek":[{"__symbolic":"property","decorators":[{"__symbolic":"call","expression":{"__symbolic":"reference","module":"@angular/core","name":"Input","line":31,"character":3}}]}],"locale":[{"__symbolic":"property","decorators":[{"__symbolic":"call","expression":{"__symbolic":"reference","module":"@angular/core","name":"Input","line":33,"character":3}}]}],"showTimePicker":[{"__symbolic":"property","decorators":[{"__symbolic":"call","expression":{"__symbolic":"reference","module":"@angular/core","name":"Input","line":34,"character":3}}]}],"timeOptions":[{"__symbolic":"property","decorators":[{"__symbolic":"call","expression":{"__symbolic":"reference","module":"@angular/core","name":"Input","line":36,"character":3}}]}],"enablePrev":[{"__symbolic":"property","decorators":[{"__symbolic":"call","expression":{"__symbolic":"reference","module":"@angular/core","name":"Input","line":37,"character":3}}]}],"enableNext":[{"__symbolic":"property","decorators":[{"__symbolic":"call","expression":{"__symbolic":"reference","module":"@angular/core","name":"Input","line":38,"character":3}}]}],"disabledDate":[{"__symbolic":"property","decorators":[{"__symbolic":"call","expression":{"__symbolic":"reference","module":"@angular/core","name":"Input","line":39,"character":3}}]}],"dateRender":[{"__symbolic":"property","decorators":[{"__symbolic":"call","expression":{"__symbolic":"reference","module":"@angular/core","name":"Input","line":40,"character":3}}]}],"selectedValue":[{"__symbolic":"property","decorators":[{"__symbolic":"call","expression":{"__symbolic":"reference","module":"@angular/core","name":"Input","line":41,"character":3}}]}],"hoverValue":[{"__symbolic":"property","decorators":[{"__symbolic":"call","expression":{"__symbolic":"reference","module":"@angular/core","name":"Input","line":42,"character":3}}]}],"panelMode":[{"__symbolic":"property","decorators":[{"__symbolic":"call","expression":{"__symbolic":"reference","module":"@angular/core","name":"Input","line":44,"character":3}}]}],"panelModeChange":[{"__symbolic":"property","decorators":[{"__symbolic":"call","expression":{"__symbolic":"reference","module":"@angular/core","name":"Output","line":45,"character":3}}]}],"value":[{"__symbolic":"property","decorators":[{"__symbolic":"call","expression":{"__symbolic":"reference","module":"@angular/core","name":"Input","line":47,"character":3}}]}],"headerChange":[{"__symbolic":"property","decorators":[{"__symbolic":"call","expression":{"__symbolic":"reference","module":"@angular/core","name":"Output","line":49,"character":3}}]}],"selectDate":[{"__symbolic":"property","decorators":[{"__symbolic":"call","expression":{"__symbolic":"reference","module":"@angular/core","name":"Output","line":50,"character":3}}]}],"selectTime":[{"__symbolic":"property","decorators":[{"__symbolic":"call","expression":{"__symbolic":"reference","module":"@angular/core","name":"Output","line":51,"character":3}}]}],"dayHover":[{"__symbolic":"property","decorators":[{"__symbolic":"call","expression":{"__symbolic":"reference","module":"@angular/core","name":"Output","line":52,"character":3}}]}],"onSelectTime":[{"__symbolic":"method"}],"onSelectDate":[{"__symbolic":"method"}]}},"ɵl":{"__symbolic":"class","decorators":[{"__symbolic":"call","expression":{"__symbolic":"reference","module":"@angular/core","name":"Component","line":35,"character":1},"arguments":[{"encapsulation":{"__symbolic":"select","expression":{"__symbolic":"reference","module":"@angular/core","name":"ViewEncapsulation","line":36,"character":17},"member":"None"},"changeDetection":{"__symbolic":"select","expression":{"__symbolic":"reference","module":"@angular/core","name":"ChangeDetectionStrategy","line":37,"character":19},"member":"OnPush"},"selector":"date-range-popup","exportAs":"dateRangePopup","template":"<div\n  class=\"{{ prefixCls }}-picker-container {{ dropdownClassName }} {{ prefixCls }}-picker-container-placement-bottomLeft\"\n  [ngStyle]=\"popupStyle\">\n\n  <div class=\"{{ prefixCls }} {{ showWeek ? prefixCls + '-week-number': '' }} {{ hasTimePicker ? prefixCls + '-time' : '' }} {{ isRange ? prefixCls + '-range' : '' }}\" tabindex=\"0\">\n    <div class=\"{{ prefixCls }}-panel\">\n      <ng-container *ngIf=\"!isRange\"> <!-- Single ONLY -->\n        <ng-container *ngTemplateOutlet=\"tplCalendarInput\"></ng-container>\n      </ng-container>\n      <div class=\"{{ prefixCls }}-date-panel\">\n        <ng-container *ngIf=\"isRange; else tplSinglePart\">\n          <!-- Range Selectors -->\n          <ng-container *ngTemplateOutlet=\"tplRangePart; context: { partType: 'left' }\"></ng-container>\n          <div class=\"ant-calendar-range-middle\">~</div>\n          <ng-container *ngTemplateOutlet=\"tplRangePart; context: { partType: 'right' }\"></ng-container>\n        </ng-container>\n\n        <ng-container *ngIf=\"!isRange\"> <!-- Single ONLY -->\n          <ng-container *ngTemplateOutlet=\"tplFooter\"></ng-container>\n        </ng-container>\n      </div>\n      <ng-container *ngIf=\"isRange\"> <!-- Range ONLY -->\n        <ng-container *ngTemplateOutlet=\"tplFooter\"></ng-container>\n      </ng-container>\n    </div>\n  </div>\n</div>\n\n<ng-template #tplCalendarInput let-partType=\"partType\">\n  <calendar-input\n    [value]=\"getValue(partType)\"\n    (valueChange)=\"changeValueFromInput($event, partType)\"\n    [locale]=\"locale\"\n    [disabledDate]=\"disabledDate\"\n    [format]=\"format\"\n    [autoFocus]=\"partType !== 'right'\"\n    [placeholder]=\"getPlaceholder(partType)\"\n  ></calendar-input>\n</ng-template>\n\n<ng-template #tplInnerPopup let-partType=\"partType\">\n  <inner-popup\n    [showWeek]=\"showWeek\"\n    [locale]=\"locale\"\n    [showTimePicker]=\"hasTimePicker && showTimePicker\"\n    [timeOptions]=\"getTimeOptions(partType)\"\n    [panelMode]=\"getPanelMode(partType)\"\n    (panelModeChange)=\"onPanelModeChange($event, partType)\"\n    [value]=\"getValueBySelector(partType)\"\n    [disabledDate]=\"disabledDate\"\n    [dateRender]=\"dateRender\"\n    [selectedValue]=\"selectedValue\"\n    [hoverValue]=\"hoverValue\"\n    [enablePrev]=\"enablePrevNext('prev', partType)\"\n    [enableNext]=\"enablePrevNext('next', partType)\"\n    (dayHover)=\"onDayHover($event)\"\n    (selectDate)=\"changeValueFromSelect($event)\"\n    (selectTime)=\"onSelectTime($event, partType)\"\n    (headerChange)=\"onHeaderChange($event, partType)\"\n  ></inner-popup>\n</ng-template>\n\n<ng-template #tplFooter>\n  <calendar-footer\n    *ngIf=\"hasFooter\"\n    [locale]=\"locale\"\n    [showToday]=\"showToday\"\n    [hasTimePicker]=\"hasTimePicker\"\n    [timePickerDisabled]=\"timePickerDisabled()\"\n    [okDisabled]=\"okDisabled()\"\n    [extraFooter]=\"extraFooter\"\n    [rangeQuickSelector]=\"ranges ? tplRangeQuickSelector : null\"\n    [(showTimePicker)]=\"showTimePicker\"\n    (showTimePickerChange)=\"onShowTimePickerChange($event)\"\n    (clickOk)=\"onClickOk()\"\n    (clickToday)=\"onClickToday($event)\"\n  ></calendar-footer>\n</ng-template>\n\n<!-- Single ONLY -->\n<ng-template #tplSinglePart>\n  <ng-container *ngTemplateOutlet=\"tplInnerPopup\"></ng-container>\n</ng-template>\n\n<!-- Range ONLY -->\n<ng-template #tplRangePart let-partType=\"partType\">\n  <div class=\"{{ prefixCls }}-range-part {{ prefixCls }}-range-{{ partType }}\">\n    <ng-container *ngTemplateOutlet=\"tplCalendarInput; context: { partType: partType }\"></ng-container>\n    <div style=\"outline: none;\">\n      <ng-container *ngTemplateOutlet=\"tplInnerPopup; context: { partType: partType }\"></ng-container>\n    </div>\n  </div>\n</ng-template>\n\n<!-- Range ONLY: Range Quick Selector -->\n<ng-template #tplRangeQuickSelector>\n  <a *ngFor=\"let name of getObjectKeys(ranges)\"\n    (click)=\"onClickPresetRange(ranges[name])\"\n    (mouseenter)=\"onHoverPresetRange(ranges[name])\"\n    (mouseleave)=\"onPresetRangeMouseLeave()\"\n  >{{ name }}</a>\n</ng-template>"}]}],"members":{"isRange":[{"__symbolic":"property","decorators":[{"__symbolic":"call","expression":{"__symbolic":"reference","module":"@angular/core","name":"Input","line":44,"character":3}}]}],"showWeek":[{"__symbolic":"property","decorators":[{"__symbolic":"call","expression":{"__symbolic":"reference","module":"@angular/core","name":"Input","line":45,"character":3}}]}],"locale":[{"__symbolic":"property","decorators":[{"__symbolic":"call","expression":{"__symbolic":"reference","module":"@angular/core","name":"Input","line":47,"character":3}}]}],"format":[{"__symbolic":"property","decorators":[{"__symbolic":"call","expression":{"__symbolic":"reference","module":"@angular/core","name":"Input","line":48,"character":3}}]}],"placeholder":[{"__symbolic":"property","decorators":[{"__symbolic":"call","expression":{"__symbolic":"reference","module":"@angular/core","name":"Input","line":49,"character":3}}]}],"disabledDate":[{"__symbolic":"property","decorators":[{"__symbolic":"call","expression":{"__symbolic":"reference","module":"@angular/core","name":"Input","line":50,"character":3}}]}],"disabledTime":[{"__symbolic":"property","decorators":[{"__symbolic":"call","expression":{"__symbolic":"reference","module":"@angular/core","name":"Input","line":51,"character":3}}]}],"showToday":[{"__symbolic":"property","decorators":[{"__symbolic":"call","expression":{"__symbolic":"reference","module":"@angular/core","name":"Input","line":52,"character":3}}]}],"showTime":[{"__symbolic":"property","decorators":[{"__symbolic":"call","expression":{"__symbolic":"reference","module":"@angular/core","name":"Input","line":53,"character":3}}]}],"extraFooter":[{"__symbolic":"property","decorators":[{"__symbolic":"call","expression":{"__symbolic":"reference","module":"@angular/core","name":"Input","line":54,"character":3}}]}],"ranges":[{"__symbolic":"property","decorators":[{"__symbolic":"call","expression":{"__symbolic":"reference","module":"@angular/core","name":"Input","line":55,"character":3}}]}],"dateRender":[{"__symbolic":"property","decorators":[{"__symbolic":"call","expression":{"__symbolic":"reference","module":"@angular/core","name":"Input","line":56,"character":3}}]}],"popupStyle":[{"__symbolic":"property","decorators":[{"__symbolic":"call","expression":{"__symbolic":"reference","module":"@angular/core","name":"Input","line":57,"character":3}}]}],"dropdownClassName":[{"__symbolic":"property","decorators":[{"__symbolic":"call","expression":{"__symbolic":"reference","module":"@angular/core","name":"Input","line":58,"character":3}}]}],"panelMode":[{"__symbolic":"property","decorators":[{"__symbolic":"call","expression":{"__symbolic":"reference","module":"@angular/core","name":"Input","line":60,"character":3}}]}],"value":[{"__symbolic":"property","decorators":[{"__symbolic":"call","expression":{"__symbolic":"reference","module":"@angular/core","name":"Input","line":61,"character":3}}]}],"panelModeChange":[{"__symbolic":"property","decorators":[{"__symbolic":"call","expression":{"__symbolic":"reference","module":"@angular/core","name":"Output","line":63,"character":3}}]}],"calendarChange":[{"__symbolic":"property","decorators":[{"__symbolic":"call","expression":{"__symbolic":"reference","module":"@angular/core","name":"Output","line":64,"character":3}}]}],"valueChange":[{"__symbolic":"property","decorators":[{"__symbolic":"call","expression":{"__symbolic":"reference","module":"@angular/core","name":"Output","line":65,"character":3}}]}],"inputChange":[{"__symbolic":"property","decorators":[{"__symbolic":"call","expression":{"__symbolic":"reference","module":"@angular/core","name":"Output","line":66,"character":3}}]}],"resultOk":[{"__symbolic":"property","decorators":[{"__symbolic":"call","expression":{"__symbolic":"reference","module":"@angular/core","name":"Output","line":68,"character":3}}]}],"closePicker":[{"__symbolic":"property","decorators":[{"__symbolic":"call","expression":{"__symbolic":"reference","module":"@angular/core","name":"Output","line":69,"character":3}}]}],"ngOnInit":[{"__symbolic":"method"}],"ngOnChanges":[{"__symbolic":"method"}],"onShowTimePickerChange":[{"__symbolic":"method"}],"onClickOk":[{"__symbolic":"method"}],"onClickToday":[{"__symbolic":"method"}],"onDayHover":[{"__symbolic":"method"}],"onPanelModeChange":[{"__symbolic":"method"}],"onHeaderChange":[{"__symbolic":"method"}],"onSelectTime":[{"__symbolic":"method"}],"changeValueFromInput":[{"__symbolic":"method"}],"changeValueFromSelect":[{"__symbolic":"method"}],"enablePrevNext":[{"__symbolic":"method"}],"getPanelMode":[{"__symbolic":"method"}],"getValue":[{"__symbolic":"method"}],"getValueBySelector":[{"__symbolic":"method"}],"getPartTypeIndex":[{"__symbolic":"method"}],"getPlaceholder":[{"__symbolic":"method"}],"hasSelectedValue":[{"__symbolic":"method"}],"isAllowedSelectedValue":[{"__symbolic":"method"}],"timePickerDisabled":[{"__symbolic":"method"}],"okDisabled":[{"__symbolic":"method"}],"getTimeOptions":[{"__symbolic":"method"}],"onClickPresetRange":[{"__symbolic":"method"}],"onPresetRangeMouseLeave":[{"__symbolic":"method"}],"onHoverPresetRange":[{"__symbolic":"method"}],"getObjectKeys":[{"__symbolic":"method"}],"closePickerPanel":[{"__symbolic":"method"}],"clearHoverValue":[{"__symbolic":"method"}],"buildTimeOptions":[{"__symbolic":"method"}],"overrideTimeOptions":[{"__symbolic":"method"}],"setValueFromInput":[{"__symbolic":"method"}],"setValue":[{"__symbolic":"method"}],"overrideHms":[{"__symbolic":"method"}],"isValidRange":[{"__symbolic":"method"}],"normalizeRangeValue":[{"__symbolic":"method"}],"setRangeValue":[{"__symbolic":"method"}],"cloneRangeDate":[{"__symbolic":"method"}],"initialArray":[{"__symbolic":"method"}]}},"ɵm":{"__symbolic":"class","extends":{"__symbolic":"reference","name":"ɵn"},"decorators":[{"__symbolic":"call","expression":{"__symbolic":"reference","module":"@angular/core","name":"Component","line":33,"character":1},"arguments":[{"template":""}]}],"members":{"nzDateRender":[{"__symbolic":"property","decorators":[{"__symbolic":"call","expression":{"__symbolic":"reference","module":"@angular/core","name":"Input","line":39,"character":3}}]}],"nzDisabledTime":[{"__symbolic":"property","decorators":[{"__symbolic":"call","expression":{"__symbolic":"reference","module":"@angular/core","name":"Input","line":40,"character":3}}]}],"nzRenderExtraFooter":[{"__symbolic":"property","decorators":[{"__symbolic":"call","expression":{"__symbolic":"reference","module":"@angular/core","name":"Input","line":41,"character":3}}]}],"nzShowToday":[{"__symbolic":"property","decorators":[{"__symbolic":"call","expression":{"__symbolic":"reference","module":"@angular/core","name":"Input","line":42,"character":3}},{"__symbolic":"call","expression":{"__symbolic":"reference","module":"ng-zorro-antd/core","name":"InputBoolean","line":42,"character":12}}]}],"nzMode":[{"__symbolic":"property","decorators":[{"__symbolic":"call","expression":{"__symbolic":"reference","module":"@angular/core","name":"Input","line":43,"character":3}}]}],"nzRanges":[{"__symbolic":"property","decorators":[{"__symbolic":"call","expression":{"__symbolic":"reference","module":"@angular/core","name":"Input","line":44,"character":3}}]}],"nzOnPanelChange":[{"__symbolic":"property","decorators":[{"__symbolic":"call","expression":{"__symbolic":"reference","module":"@angular/core","name":"Output","line":45,"character":3}}]}],"nzOnCalendarChange":[{"__symbolic":"property","decorators":[{"__symbolic":"call","expression":{"__symbolic":"reference","module":"@angular/core","name":"Output","line":46,"character":3}}]}],"nzShowTime":[{"__symbolic":"property","decorators":[{"__symbolic":"call","expression":{"__symbolic":"reference","module":"@angular/core","name":"Input","line":49,"character":3}}]}],"nzOnOk":[{"__symbolic":"property","decorators":[{"__symbolic":"call","expression":{"__symbolic":"reference","module":"@angular/core","name":"Output","line":56,"character":3}}]}],"__ctor__":[{"__symbolic":"constructor","parameters":[{"__symbolic":"reference","module":"ng-zorro-antd/i18n","name":"NzI18nService","line":67,"character":10},{"__symbolic":"reference","module":"@angular/core","name":"ChangeDetectorRef","line":68,"character":9},{"__symbolic":"reference","module":"ng-zorro-antd/i18n","name":"DateHelperService","line":69,"character":16},{"__symbolic":"reference","module":"ng-zorro-antd/core","name":"NzNoAnimationDirective","line":70,"character":18}]}],"ngOnInit":[{"__symbolic":"method"}],"ngOnChanges":[{"__symbolic":"method"}],"onValueChange":[{"__symbolic":"method"}],"onCalendarChange":[{"__symbolic":"method"}],"onResultOk":[{"__symbolic":"method"}],"onOpenChange":[{"__symbolic":"method"}],"setFixedPickerStyle":[{"__symbolic":"method"}]}},"ɵn":{"__symbolic":"class","members":{"nzAllowClear":[{"__symbolic":"property","decorators":[{"__symbolic":"call","expression":{"__symbolic":"reference","module":"@angular/core","name":"Input","line":36,"character":3}},{"__symbolic":"call","expression":{"__symbolic":"reference","module":"ng-zorro-antd/core","name":"InputBoolean","line":36,"character":12}}]}],"nzAutoFocus":[{"__symbolic":"property","decorators":[{"__symbolic":"call","expression":{"__symbolic":"reference","module":"@angular/core","name":"Input","line":37,"character":3}},{"__symbolic":"call","expression":{"__symbolic":"reference","module":"ng-zorro-antd/core","name":"InputBoolean","line":37,"character":12}}]}],"nzDisabled":[{"__symbolic":"property","decorators":[{"__symbolic":"call","expression":{"__symbolic":"reference","module":"@angular/core","name":"Input","line":38,"character":3}},{"__symbolic":"call","expression":{"__symbolic":"reference","module":"ng-zorro-antd/core","name":"InputBoolean","line":38,"character":12}}]}],"nzOpen":[{"__symbolic":"property","decorators":[{"__symbolic":"call","expression":{"__symbolic":"reference","module":"@angular/core","name":"Input","line":39,"character":3}},{"__symbolic":"call","expression":{"__symbolic":"reference","module":"ng-zorro-antd/core","name":"InputBoolean","line":39,"character":12}}]}],"nzClassName":[{"__symbolic":"property","decorators":[{"__symbolic":"call","expression":{"__symbolic":"reference","module":"@angular/core","name":"Input","line":40,"character":3}}]}],"nzDisabledDate":[{"__symbolic":"property","decorators":[{"__symbolic":"call","expression":{"__symbolic":"reference","module":"@angular/core","name":"Input","line":41,"character":3}}]}],"nzLocale":[{"__symbolic":"property","decorators":[{"__symbolic":"call","expression":{"__symbolic":"reference","module":"@angular/core","name":"Input","line":42,"character":3}}]}],"nzPlaceHolder":[{"__symbolic":"property","decorators":[{"__symbolic":"call","expression":{"__symbolic":"reference","module":"@angular/core","name":"Input","line":43,"character":3}}]}],"nzPopupStyle":[{"__symbolic":"property","decorators":[{"__symbolic":"call","expression":{"__symbolic":"reference","module":"@angular/core","name":"Input","line":44,"character":3}}]}],"nzDropdownClassName":[{"__symbolic":"property","decorators":[{"__symbolic":"call","expression":{"__symbolic":"reference","module":"@angular/core","name":"Input","line":45,"character":3}}]}],"nzSize":[{"__symbolic":"property","decorators":[{"__symbolic":"call","expression":{"__symbolic":"reference","module":"@angular/core","name":"Input","line":46,"character":3}}]}],"nzStyle":[{"__symbolic":"property","decorators":[{"__symbolic":"call","expression":{"__symbolic":"reference","module":"@angular/core","name":"Input","line":47,"character":3}}]}],"nzFormat":[{"__symbolic":"property","decorators":[{"__symbolic":"call","expression":{"__symbolic":"reference","module":"@angular/core","name":"Input","line":48,"character":3}}]}],"nzValue":[{"__symbolic":"property","decorators":[{"__symbolic":"call","expression":{"__symbolic":"reference","module":"@angular/core","name":"Input","line":49,"character":3}}]}],"nzOnOpenChange":[{"__symbolic":"property","decorators":[{"__symbolic":"call","expression":{"__symbolic":"reference","module":"@angular/core","name":"Output","line":51,"character":3}}]}],"picker":[{"__symbolic":"property","decorators":[{"__symbolic":"call","expression":{"__symbolic":"reference","module":"@angular/core","name":"ViewChild","line":53,"character":3},"arguments":[{"__symbolic":"reference","name":"ɵo"},{"static":true}]}]}],"initValue":[{"__symbolic":"method"}],"__ctor__":[{"__symbolic":"constructor","parameters":[{"__symbolic":"reference","module":"ng-zorro-antd/i18n","name":"NzI18nService","line":69,"character":20},{"__symbolic":"reference","module":"@angular/core","name":"ChangeDetectorRef","line":70,"character":19},{"__symbolic":"reference","module":"ng-zorro-antd/i18n","name":"DateHelperService","line":71,"character":26},{"__symbolic":"reference","module":"ng-zorro-antd/core","name":"NzNoAnimationDirective","line":72,"character":25}]}],"ngOnInit":[{"__symbolic":"method"}],"ngOnChanges":[{"__symbolic":"method"}],"ngOnDestroy":[{"__symbolic":"method"}],"closeOverlay":[{"__symbolic":"method"}],"onValueChange":[{"__symbolic":"method"}],"onOpenChange":[{"__symbolic":"method"}],"writeValue":[{"__symbolic":"method"}],"registerOnChange":[{"__symbolic":"method"}],"registerOnTouched":[{"__symbolic":"method"}],"setDisabledState":[{"__symbolic":"method"}],"setLocale":[{"__symbolic":"method"}],"setDefaultPlaceHolder":[{"__symbolic":"method"}],"setValue":[{"__symbolic":"method"}]}},"ɵo":{"__symbolic":"class","decorators":[{"__symbolic":"call","expression":{"__symbolic":"reference","module":"@angular/core","name":"Component","line":32,"character":1},"arguments":[{"encapsulation":{"__symbolic":"select","expression":{"__symbolic":"reference","module":"@angular/core","name":"ViewEncapsulation","line":33,"character":17},"member":"None"},"selector":"nz-picker","exportAs":"nzPicker","animations":[{"__symbolic":"reference","module":"ng-zorro-antd/core","name":"slideMotion","line":37,"character":15}],"changeDetection":{"__symbolic":"select","expression":{"__symbolic":"reference","module":"@angular/core","name":"ChangeDetectionStrategy","line":38,"character":19},"member":"OnPush"},"template":"<span\n  cdkOverlayOrigin\n  #origin=\"cdkOverlayOrigin\"\n  class=\"{{ prefixCls }}-picker {{ size ? prefixCls + '-picker-' + size : '' }} {{ className }}\"\n  [ngStyle]=\"style\"\n  tabindex=\"0\"\n  (click)=\"onClickInputBox()\"\n  (keyup.enter)=\"onClickInputBox()\"\n>\n  <!-- Content of single picker -->\n  <ng-container *ngIf=\"!isRange\">\n    <input\n      #pickerInput\n      class=\"{{ prefixCls }}-picker-input ant-input\"\n      [class.ant-input-lg]=\"size === 'large'\"\n      [class.ant-input-sm]=\"size === 'small'\"\n      [class.ant-input-disabled]=\"disabled\"\n\n      [disabled]=\"disabled\"\n      readonly\n      value=\"{{ getReadableValue() }}\"\n      placeholder=\"{{ getPlaceholder() }}\"\n    />\n    <ng-container *ngTemplateOutlet=\"tplRightRest\"></ng-container>\n  </ng-container>\n\n  <!-- Content of range picker -->\n  <ng-container *ngIf=\"isRange\">\n    <span\n      #pickerInput\n      class=\"{{ prefixCls }}-picker-input ant-input\"\n      [class.ant-input-lg]=\"size === 'large'\"\n      [class.ant-input-sm]=\"size === 'small'\"\n      [class.ant-input-disabled]=\"disabled\"\n    >\n      <ng-container *ngTemplateOutlet=\"tplRangeInput; context: { partType: 'left' }\"></ng-container>\n      <span class=\"{{ prefixCls }}-range-picker-separator\"> ~ </span>\n      <ng-container *ngTemplateOutlet=\"tplRangeInput; context: { partType: 'right' }\"></ng-container>\n      <ng-container *ngTemplateOutlet=\"tplRightRest\"></ng-container>\n    </span>\n  </ng-container>\n</span>\n\n<!-- Input for Range ONLY -->\n<ng-template #tplRangeInput let-partType=\"partType\">\n  <input\n    class=\"{{ prefixCls }}-range-picker-input\"\n    [disabled]=\"disabled\"\n    readonly\n    value=\"{{ getReadableValue(partType) }}\"\n    placeholder=\"{{ getPlaceholder(partType) }}\"\n  />\n</ng-template>\n\n<!-- Right operator icons -->\n<ng-template #tplRightRest>\n  <i\n    nz-icon\n    nzType=\"close-circle\"\n    nzTheme=\"fill\"\n    *ngIf=\"!disabled && !isEmptyValue(value) && allowClear\"\n    class=\"{{ prefixCls }}-picker-clear\"\n    (click)=\"onClickClear($event)\"\n  ></i>\n  <span class=\"{{ prefixCls }}-picker-icon\">\n    <i nz-icon nzType=\"calendar\"></i>\n  </span>\n</ng-template>\n\n<!-- Overlay -->\n<ng-template\n  cdkConnectedOverlay\n  nzConnectedOverlay\n  [cdkConnectedOverlayOrigin]=\"origin\"\n  [cdkConnectedOverlayOpen]=\"realOpenState\"\n  [cdkConnectedOverlayHasBackdrop]=\"!isOpenHandledByUser()\"\n  [cdkConnectedOverlayPositions]=\"overlayPositions\"\n  (positionChange)=\"onPositionChange($event)\"\n  (backdropClick)=\"onClickBackdrop()\"\n  (detach)=\"onOverlayDetach()\"\n>\n  <div\n    [nzNoAnimation]=\"noAnimation\"\n    [@slideMotion]=\"dropdownAnimation\"\n    (@slideMotion.done)=\"animationDone()\"\n    style=\"position: relative;\"\n    [style.left]=\"currentPositionX === 'start' ? '-2px' : '2px'\"\n    [style.top]=\"currentPositionY === 'top' ? '-2px' : '2px'\"\n  > <!-- Compatible for overlay that not support offset dynamically and immediately -->\n    <ng-content></ng-content>\n  </div>\n</ng-template>\n"}]}],"members":{"noAnimation":[{"__symbolic":"property","decorators":[{"__symbolic":"call","expression":{"__symbolic":"reference","module":"@angular/core","name":"Input","line":41,"character":3}}]}],"isRange":[{"__symbolic":"property","decorators":[{"__symbolic":"call","expression":{"__symbolic":"reference","module":"@angular/core","name":"Input","line":42,"character":3}}]}],"open":[{"__symbolic":"property","decorators":[{"__symbolic":"call","expression":{"__symbolic":"reference","module":"@angular/core","name":"Input","line":43,"character":3}}]}],"disabled":[{"__symbolic":"property","decorators":[{"__symbolic":"call","expression":{"__symbolic":"reference","module":"@angular/core","name":"Input","line":44,"character":3}}]}],"placeholder":[{"__symbolic":"property","decorators":[{"__symbolic":"call","expression":{"__symbolic":"reference","module":"@angular/core","name":"Input","line":45,"character":3}}]}],"allowClear":[{"__symbolic":"property","decorators":[{"__symbolic":"call","expression":{"__symbolic":"reference","module":"@angular/core","name":"Input","line":46,"character":3}}]}],"autoFocus":[{"__symbolic":"property","decorators":[{"__symbolic":"call","expression":{"__symbolic":"reference","module":"@angular/core","name":"Input","line":47,"character":3}}]}],"className":[{"__symbolic":"property","decorators":[{"__symbolic":"call","expression":{"__symbolic":"reference","module":"@angular/core","name":"Input","line":48,"character":3}}]}],"format":[{"__symbolic":"property","decorators":[{"__symbolic":"call","expression":{"__symbolic":"reference","module":"@angular/core","name":"Input","line":49,"character":3}}]}],"size":[{"__symbolic":"property","decorators":[{"__symbolic":"call","expression":{"__symbolic":"reference","module":"@angular/core","name":"Input","line":50,"character":3}}]}],"style":[{"__symbolic":"property","decorators":[{"__symbolic":"call","expression":{"__symbolic":"reference","module":"@angular/core","name":"Input","line":51,"character":3}}]}],"value":[{"__symbolic":"property","decorators":[{"__symbolic":"call","expression":{"__symbolic":"reference","module":"@angular/core","name":"Input","line":52,"character":3}}]}],"valueChange":[{"__symbolic":"property","decorators":[{"__symbolic":"call","expression":{"__symbolic":"reference","module":"@angular/core","name":"Output","line":53,"character":3}}]}],"openChange":[{"__symbolic":"property","decorators":[{"__symbolic":"call","expression":{"__symbolic":"reference","module":"@angular/core","name":"Output","line":54,"character":3}}]}],"origin":[{"__symbolic":"property","decorators":[{"__symbolic":"call","expression":{"__symbolic":"reference","module":"@angular/core","name":"ViewChild","line":56,"character":3},"arguments":["origin",{"static":false}]}]}],"cdkConnectedOverlay":[{"__symbolic":"property","decorators":[{"__symbolic":"call","expression":{"__symbolic":"reference","module":"@angular/core","name":"ViewChild","line":57,"character":3},"arguments":[{"__symbolic":"reference","module":"@angular/cdk/overlay","name":"CdkConnectedOverlay","line":57,"character":13},{"static":false}]}]}],"pickerInput":[{"__symbolic":"property","decorators":[{"__symbolic":"call","expression":{"__symbolic":"reference","module":"@angular/core","name":"ViewChild","line":58,"character":3},"arguments":["pickerInput",{"static":false}]}]}],"__ctor__":[{"__symbolic":"constructor","parameters":[{"__symbolic":"reference","module":"ng-zorro-antd/i18n","name":"DateHelperService","line":102,"character":34},{"__symbolic":"reference","module":"@angular/core","name":"ChangeDetectorRef","line":102,"character":77}]}],"ngAfterViewInit":[{"__symbolic":"method"}],"ngOnChanges":[{"__symbolic":"method"}],"focus":[{"__symbolic":"method"}],"showOverlay":[{"__symbolic":"method"}],"hideOverlay":[{"__symbolic":"method"}],"onClickInputBox":[{"__symbolic":"method"}],"onClickBackdrop":[{"__symbolic":"method"}],"onOverlayDetach":[{"__symbolic":"method"}],"onPositionChange":[{"__symbolic":"method"}],"onClickClear":[{"__symbolic":"method"}],"getReadableValue":[{"__symbolic":"method"}],"getPartTypeIndex":[{"__symbolic":"method"}],"getPlaceholder":[{"__symbolic":"method"}],"isEmptyValue":[{"__symbolic":"method"}],"isOpenHandledByUser":[{"__symbolic":"method"}],"animationStart":[{"__symbolic":"method"}],"animationDone":[{"__symbolic":"method"}]}},"ɵp":{"__symbolic":"class","extends":{"__symbolic":"reference","name":"ɵn"},"decorators":[{"__symbolic":"call","expression":{"__symbolic":"reference","module":"@angular/core","name":"Component","line":20,"character":1},"arguments":[{"template":""}]}],"members":{"nzPlaceHolder":[{"__symbolic":"property","decorators":[{"__symbolic":"call","expression":{"__symbolic":"reference","module":"@angular/core","name":"Input","line":24,"character":3}}]}],"nzRenderExtraFooter":[{"__symbolic":"property","decorators":[{"__symbolic":"call","expression":{"__symbolic":"reference","module":"@angular/core","name":"Input","line":26,"character":3}}]}],"nzDefaultValue":[{"__symbolic":"property","decorators":[{"__symbolic":"call","expression":{"__symbolic":"reference","module":"@angular/core","name":"Input","line":27,"character":3}}]}],"nzFormat":[{"__symbolic":"property","decorators":[{"__symbolic":"call","expression":{"__symbolic":"reference","module":"@angular/core","name":"Input","line":28,"character":3}}]}],"__ctor__":[{"__symbolic":"constructor","parameters":[{"__symbolic":"reference","module":"ng-zorro-antd/i18n","name":"NzI18nService","line":37,"character":10},{"__symbolic":"reference","module":"@angular/core","name":"ChangeDetectorRef","line":38,"character":9},{"__symbolic":"reference","module":"ng-zorro-antd/i18n","name":"DateHelperService","line":39,"character":16},{"__symbolic":"reference","module":"ng-zorro-antd/core","name":"NzNoAnimationDirective","line":40,"character":18}]}],"ngOnInit":[{"__symbolic":"method"}],"ngOnChanges":[{"__symbolic":"method"}],"onPanelModeChange":[{"__symbolic":"method"}],"onChooseValue":[{"__symbolic":"method"}],"onOpenChange":[{"__symbolic":"method"}],"cleanUp":[{"__symbolic":"method"}]}}},"origins":{"PickerResult":"./standard-types","PickerResultSingle":"./standard-types","PickerResultRange":"./standard-types","PresetRanges":"./standard-types","PanelMode":"./standard-types","NzDatePickerModule":"./nz-date-picker.module","NzDatePickerComponent":"./nz-date-picker.component","NzRangePickerComponent":"./nz-range-picker.component","NzMonthPickerComponent":"./nz-month-picker.component","NzWeekPickerComponent":"./nz-week-picker.component","NzYearPickerComponent":"./nz-year-picker.component","ɵa":"./lib/lib-packer.module","ɵb":"./lib/calendar/calendar-header.component","ɵc":"./lib/calendar/calendar-input.component","ɵd":"./lib/calendar/calendar-footer.component","ɵe":"./lib/calendar/ok-button.component","ɵf":"./lib/calendar/time-picker-button.component","ɵg":"./lib/calendar/today-button.component","ɵh":"./lib/year/year-panel.component","ɵi":"./lib/month/month-panel.component","ɵj":"./lib/decade/decade-panel.component","ɵk":"./lib/popups/inner-popup.component","ɵl":"./lib/popups/date-range-popup.component","ɵm":"./date-range-picker.component","ɵn":"./abstract-picker.component","ɵo":"./picker.component","ɵp":"./header-picker.component"},"importAs":"ng-zorro-antd/date-picker"}