{"__symbolic":"module","version":4,"metadata":{"DRAWER_ANIMATE_DURATION":300,"NzDrawerComponent":{"__symbolic":"class","arity":3,"extends":{"__symbolic":"reference","name":"NzDrawerRef"},"decorators":[{"__symbolic":"call","expression":{"__symbolic":"reference","module":"@angular/core","name":"Component","line":47,"character":1},"arguments":[{"selector":"nz-drawer","exportAs":"nzDrawer","preserveWhitespaces":false,"changeDetection":{"__symbolic":"select","expression":{"__symbolic":"reference","module":"@angular/core","name":"ChangeDetectionStrategy","line":52,"character":19},"member":"OnPush"},"template":"<ng-template #drawerTemplate>\n  <div\n    class=\"ant-drawer\"\n    [nzNoAnimation]=\"nzNoAnimation\"\n    [class.ant-drawer-open]=\"isOpen\"\n    [class.ant-drawer-top]=\"nzPlacement === 'top'\"\n    [class.ant-drawer-bottom]=\"nzPlacement === 'bottom'\"\n    [class.ant-drawer-right]=\"nzPlacement === 'right'\"\n    [class.ant-drawer-left]=\"nzPlacement === 'left'\"\n    [style.transform]=\"offsetTransform\"\n    [style.zIndex]=\"nzZIndex\">\n    <div  class=\"ant-drawer-mask\" (click)=\"maskClick()\" *ngIf=\"nzMask\" [ngStyle]=\"nzMaskStyle\"></div>\n    <div class=\"ant-drawer-content-wrapper {{ nzWrapClassName }}\"\n         [style.width]=\"width\"\n         [style.height]=\"height\"\n         [style.transform]=\"transform\">\n      <div class=\"ant-drawer-content\">\n        <div class=\"ant-drawer-wrapper-body\" [style.height]=\"isLeftOrRight ? '100%' : null\">\n          <div *ngIf=\"nzTitle || nzClosable\"\n            [class.ant-drawer-header]=\"!!nzTitle\"\n            [class.ant-drawer-header-no-title]=\"!!nzTitle\">\n            <div *ngIf=\"nzTitle\" class=\"ant-drawer-title\">\n              <ng-container *nzStringTemplateOutlet=\"nzTitle\"><div [innerHTML]=\"nzTitle\"></div></ng-container>\n            </div>\n            <button *ngIf=\"nzClosable\" (click)=\"closeClick()\" aria-label=\"Close\" class=\"ant-drawer-close\">\n              <i nz-icon nzType=\"close\"></i>\n            </button>\n          </div>\n          <div class=\"ant-drawer-body\" [ngStyle]=\"nzBodyStyle\">\n            <ng-template cdkPortalOutlet></ng-template>\n            <ng-container *ngIf=\"isTemplateRef(nzContent)\">\n              <ng-container *ngTemplateOutlet=\"nzContent; context: templateContext\"></ng-container>\n            </ng-container>\n            <ng-content *ngIf=\"!nzContent\"></ng-content>\n          </div>\n        </div>\n      </div>\n    </div>\n  </div>\n</ng-template>\n"}]}],"members":{"nzContent":[{"__symbolic":"property","decorators":[{"__symbolic":"call","expression":{"__symbolic":"reference","module":"@angular/core","name":"Input","line":57,"character":3}}]}],"nzClosable":[{"__symbolic":"property","decorators":[{"__symbolic":"call","expression":{"__symbolic":"reference","module":"@angular/core","name":"Input","line":58,"character":3}},{"__symbolic":"call","expression":{"__symbolic":"reference","module":"ng-zorro-antd/core","name":"InputBoolean","line":58,"character":12}}]}],"nzMaskClosable":[{"__symbolic":"property","decorators":[{"__symbolic":"call","expression":{"__symbolic":"reference","module":"@angular/core","name":"Input","line":59,"character":3}},{"__symbolic":"call","expression":{"__symbolic":"reference","module":"ng-zorro-antd/core","name":"WithConfig","line":59,"character":12},"arguments":["drawer",true]},{"__symbolic":"call","expression":{"__symbolic":"reference","module":"ng-zorro-antd/core","name":"InputBoolean","line":59,"character":56}}]}],"nzMask":[{"__symbolic":"property","decorators":[{"__symbolic":"call","expression":{"__symbolic":"reference","module":"@angular/core","name":"Input","line":60,"character":3}},{"__symbolic":"call","expression":{"__symbolic":"reference","module":"ng-zorro-antd/core","name":"WithConfig","line":60,"character":12},"arguments":["drawer",true]},{"__symbolic":"call","expression":{"__symbolic":"reference","module":"ng-zorro-antd/core","name":"InputBoolean","line":60,"character":56}}]}],"nzNoAnimation":[{"__symbolic":"property","decorators":[{"__symbolic":"call","expression":{"__symbolic":"reference","module":"@angular/core","name":"Input","line":61,"character":3}},{"__symbolic":"call","expression":{"__symbolic":"reference","module":"ng-zorro-antd/core","name":"InputBoolean","line":61,"character":12}}]}],"nzKeyboard":[{"__symbolic":"property","decorators":[{"__symbolic":"call","expression":{"__symbolic":"reference","module":"@angular/core","name":"Input","line":62,"character":3}},{"__symbolic":"call","expression":{"__symbolic":"reference","module":"ng-zorro-antd/core","name":"InputBoolean","line":62,"character":12}}]}],"nzTitle":[{"__symbolic":"property","decorators":[{"__symbolic":"call","expression":{"__symbolic":"reference","module":"@angular/core","name":"Input","line":63,"character":3}}]}],"nzPlacement":[{"__symbolic":"property","decorators":[{"__symbolic":"call","expression":{"__symbolic":"reference","module":"@angular/core","name":"Input","line":64,"character":3}}]}],"nzMaskStyle":[{"__symbolic":"property","decorators":[{"__symbolic":"call","expression":{"__symbolic":"reference","module":"@angular/core","name":"Input","line":65,"character":3}}]}],"nzBodyStyle":[{"__symbolic":"property","decorators":[{"__symbolic":"call","expression":{"__symbolic":"reference","module":"@angular/core","name":"Input","line":66,"character":3}}]}],"nzWrapClassName":[{"__symbolic":"property","decorators":[{"__symbolic":"call","expression":{"__symbolic":"reference","module":"@angular/core","name":"Input","line":67,"character":3}}]}],"nzWidth":[{"__symbolic":"property","decorators":[{"__symbolic":"call","expression":{"__symbolic":"reference","module":"@angular/core","name":"Input","line":68,"character":3}}]}],"nzHeight":[{"__symbolic":"property","decorators":[{"__symbolic":"call","expression":{"__symbolic":"reference","module":"@angular/core","name":"Input","line":69,"character":3}}]}],"nzZIndex":[{"__symbolic":"property","decorators":[{"__symbolic":"call","expression":{"__symbolic":"reference","module":"@angular/core","name":"Input","line":70,"character":3}}]}],"nzOffsetX":[{"__symbolic":"property","decorators":[{"__symbolic":"call","expression":{"__symbolic":"reference","module":"@angular/core","name":"Input","line":71,"character":3}}]}],"nzOffsetY":[{"__symbolic":"property","decorators":[{"__symbolic":"call","expression":{"__symbolic":"reference","module":"@angular/core","name":"Input","line":72,"character":3}}]}],"nzVisible":[{"__symbolic":"property","decorators":[{"__symbolic":"call","expression":{"__symbolic":"reference","module":"@angular/core","name":"Input","line":74,"character":3}}]}],"nzOnViewInit":[{"__symbolic":"property","decorators":[{"__symbolic":"call","expression":{"__symbolic":"reference","module":"@angular/core","name":"Output","line":83,"character":3}}]}],"nzOnClose":[{"__symbolic":"property","decorators":[{"__symbolic":"call","expression":{"__symbolic":"reference","module":"@angular/core","name":"Output","line":84,"character":3}}]}],"drawerTemplate":[{"__symbolic":"property","decorators":[{"__symbolic":"call","expression":{"__symbolic":"reference","module":"@angular/core","name":"ViewChild","line":86,"character":3},"arguments":["drawerTemplate",{"static":true}]}]}],"bodyPortalOutlet":[{"__symbolic":"property","decorators":[{"__symbolic":"call","expression":{"__symbolic":"reference","module":"@angular/core","name":"ViewChild","line":87,"character":3},"arguments":[{"__symbolic":"reference","module":"@angular/cdk/portal","name":"CdkPortalOutlet","line":87,"character":13},{"static":false}]}]}],"isTemplateRef":[{"__symbolic":"method"}],"__ctor__":[{"__symbolic":"constructor","parameterDecorators":[[{"__symbolic":"call","expression":{"__symbolic":"reference","module":"@angular/core","name":"Optional","line":163,"character":5}},{"__symbolic":"call","expression":{"__symbolic":"reference","module":"@angular/core","name":"Inject","line":163,"character":17},"arguments":[{"__symbolic":"reference","module":"@angular/common","name":"DOCUMENT","line":163,"character":24}]}],null,null,null,null,null,null,null,null],"parameters":[{"__symbolic":"reference","name":"any"},{"__symbolic":"reference","module":"ng-zorro-antd/core","name":"NzConfigService","line":164,"character":28},{"__symbolic":"reference","module":"@angular/core","name":"Renderer2","line":165,"character":22},{"__symbolic":"reference","module":"@angular/cdk/overlay","name":"Overlay","line":166,"character":21},{"__symbolic":"reference","module":"@angular/core","name":"Injector","line":167,"character":22},{"__symbolic":"reference","module":"@angular/core","name":"ChangeDetectorRef","line":168,"character":31},{"__symbolic":"reference","module":"@angular/cdk/a11y","name":"FocusTrapFactory","line":169,"character":30},{"__symbolic":"reference","module":"@angular/core","name":"ViewContainerRef","line":170,"character":30},{"__symbolic":"reference","module":"@angular/cdk/overlay","name":"OverlayKeyboardDispatcher","line":171,"character":39}]}],"ngOnInit":[{"__symbolic":"method"}],"ngAfterViewInit":[{"__symbolic":"method"}],"ngOnChanges":[{"__symbolic":"method"}],"ngOnDestroy":[{"__symbolic":"method"}],"getAnimationDuration":[{"__symbolic":"method"}],"close":[{"__symbolic":"method"}],"open":[{"__symbolic":"method"}],"closeClick":[{"__symbolic":"method"}],"maskClick":[{"__symbolic":"method"}],"attachBodyContent":[{"__symbolic":"method"}],"attachOverlay":[{"__symbolic":"method"}],"disposeOverlay":[{"__symbolic":"method"}],"getOverlayConfig":[{"__symbolic":"method"}],"updateOverlayStyle":[{"__symbolic":"method"}],"updateBodyOverflow":[{"__symbolic":"method"}],"savePreviouslyFocusedElement":[{"__symbolic":"method"}],"trapFocus":[{"__symbolic":"method"}],"restoreFocus":[{"__symbolic":"method"}]}},"NzDrawerModule":{"__symbolic":"class","decorators":[{"__symbolic":"call","expression":{"__symbolic":"reference","module":"@angular/core","name":"NgModule","line":19,"character":1},"arguments":[{"imports":[{"__symbolic":"reference","module":"@angular/common","name":"CommonModule","line":21,"character":4},{"__symbolic":"reference","module":"@angular/cdk/overlay","name":"OverlayModule","line":22,"character":4},{"__symbolic":"reference","module":"@angular/cdk/portal","name":"PortalModule","line":23,"character":4},{"__symbolic":"reference","module":"ng-zorro-antd/icon","name":"NzIconModule","line":24,"character":4},{"__symbolic":"reference","module":"ng-zorro-antd/core","name":"NzAddOnModule","line":25,"character":4},{"__symbolic":"reference","module":"ng-zorro-antd/core","name":"NzNoAnimationModule","line":26,"character":4},{"__symbolic":"reference","name":"NzDrawerServiceModule"}],"exports":[{"__symbolic":"reference","name":"NzDrawerComponent"}],"declarations":[{"__symbolic":"reference","name":"NzDrawerComponent"}],"entryComponents":[{"__symbolic":"reference","name":"NzDrawerComponent"}]}]}],"members":{}},"DrawerBuilderForService":{"__symbolic":"class","arity":1,"members":{"__ctor__":[{"__symbolic":"constructor","parameters":[{"__symbolic":"reference","module":"@angular/cdk/overlay","name":"Overlay","line":23,"character":31},{"__symbolic":"reference","name":"NzDrawerOptions"}]}],"getInstance":[{"__symbolic":"method"}],"createDrawer":[{"__symbolic":"method"}],"updateOptions":[{"__symbolic":"method"}]}},"NzDrawerService":{"__symbolic":"class","decorators":[{"__symbolic":"call","expression":{"__symbolic":"reference","module":"@angular/core","name":"Injectable","line":67,"character":1},"arguments":[{"providedIn":{"__symbolic":"reference","name":"NzDrawerServiceModule"}}]}],"members":{"__ctor__":[{"__symbolic":"constructor","parameters":[{"__symbolic":"reference","module":"@angular/cdk/overlay","name":"Overlay","line":23,"character":31}]}],"create":[{"__symbolic":"method"}]},"statics":{"ngInjectableDef":{}}},"NzDrawerServiceModule":{"__symbolic":"class","decorators":[{"__symbolic":"call","expression":{"__symbolic":"reference","module":"@angular/core","name":"NgModule","line":10,"character":1}}],"members":{}},"NzDrawerPlacement":{"__symbolic":"interface"},"NzDrawerOptionsOfComponent":{"__symbolic":"interface"},"NzDrawerOptions":{"__symbolic":"interface"},"NzDrawerRef":{"__symbolic":"class","arity":1,"members":{"close":[{"__symbolic":"method"}],"open":[{"__symbolic":"method"}]}}},"origins":{"DRAWER_ANIMATE_DURATION":"./nz-drawer.component","NzDrawerComponent":"./nz-drawer.component","NzDrawerModule":"./nz-drawer.module","DrawerBuilderForService":"./nz-drawer.service","NzDrawerService":"./nz-drawer.service","NzDrawerServiceModule":"./nz-drawer.service.module","NzDrawerPlacement":"./nz-drawer-options","NzDrawerOptionsOfComponent":"./nz-drawer-options","NzDrawerOptions":"./nz-drawer-options","NzDrawerRef":"./nz-drawer-ref"},"importAs":"ng-zorro-antd/drawer"}