{"__symbolic":"module","version":4,"metadata":{"NzAnchorLinkComponent":{"__symbolic":"class","decorators":[{"__symbolic":"call","expression":{"__symbolic":"reference","module":"@angular/core","name":"Component","line":25,"character":1},"arguments":[{"selector":"nz-link","exportAs":"nzLink","preserveWhitespaces":false,"host":{"[class.ant-anchor-link-active]":"active","$quoted$":["[class.ant-anchor-link-active]"]},"styles":["\n      nz-link {\n        display: block;\n      }\n    "],"encapsulation":{"__symbolic":"select","expression":{"__symbolic":"reference","module":"@angular/core","name":"ViewEncapsulation","line":40,"character":17},"member":"None"},"changeDetection":{"__symbolic":"select","expression":{"__symbolic":"reference","module":"@angular/core","name":"ChangeDetectionStrategy","line":41,"character":19},"member":"OnPush"},"template":"<a (click)=\"goToClick($event)\" href=\"{{nzHref}}\" class=\"ant-anchor-link-title\" title=\"{{titleStr}}\">\n  <span *ngIf=\"titleStr; else (titleTpl || nzTemplate)\">{{ titleStr }}</span>\n</a>\n<ng-content></ng-content>"}]}],"members":{"nzHref":[{"__symbolic":"property","decorators":[{"__symbolic":"call","expression":{"__symbolic":"reference","module":"@angular/core","name":"Input","line":44,"character":3}}]}],"nzTitle":[{"__symbolic":"property","decorators":[{"__symbolic":"call","expression":{"__symbolic":"reference","module":"@angular/core","name":"Input","line":50,"character":3}}]}],"nzTemplate":[{"__symbolic":"property","decorators":[{"__symbolic":"call","expression":{"__symbolic":"reference","module":"@angular/core","name":"ContentChild","line":60,"character":3},"arguments":["nzTemplate",{"static":false}]}]}],"__ctor__":[{"__symbolic":"constructor","parameters":[{"__symbolic":"reference","module":"@angular/core","name":"ElementRef","line":63,"character":23},{"__symbolic":"reference","name":"NzAnchorComponent"},{"__symbolic":"reference","module":"@angular/core","name":"ChangeDetectorRef","line":65,"character":17},{"__symbolic":"reference","module":"@angular/cdk/platform","name":"Platform","line":66,"character":22},{"__symbolic":"reference","module":"@angular/core","name":"Renderer2","line":67,"character":14}]}],"ngOnInit":[{"__symbolic":"method"}],"goToClick":[{"__symbolic":"method"}],"markForCheck":[{"__symbolic":"method"}],"ngOnDestroy":[{"__symbolic":"method"}]}},"NzAnchorComponent":{"__symbolic":"class","decorators":[{"__symbolic":"call","expression":{"__symbolic":"reference","module":"@angular/core","name":"Component","line":47,"character":1},"arguments":[{"selector":"nz-anchor","exportAs":"nzAnchor","preserveWhitespaces":false,"encapsulation":{"__symbolic":"select","expression":{"__symbolic":"reference","module":"@angular/core","name":"ViewEncapsulation","line":52,"character":17},"member":"None"},"changeDetection":{"__symbolic":"select","expression":{"__symbolic":"reference","module":"@angular/core","name":"ChangeDetectionStrategy","line":53,"character":19},"member":"OnPush"},"template":"<nz-affix *ngIf=\"nzAffix;else content\" [nzOffsetTop]=\"nzOffsetTop\">\n  <ng-template [ngTemplateOutlet]=\"content\"></ng-template>\n</nz-affix>\n<ng-template #content>\n  <div class=\"ant-anchor-wrapper\" [ngStyle]=\"wrapperStyle\">\n    <div class=\"ant-anchor\" [ngClass]=\"{'fixed': !nzAffix && !nzShowInkInFixed}\">\n      <div class=\"ant-anchor-ink\">\n        <div class=\"ant-anchor-ink-ball\" [class.visible]=\"visible\" #ink></div>\n      </div>\n      <ng-content></ng-content>\n    </div>\n  </div>\n</ng-template>"}]}],"members":{"ink":[{"__symbolic":"property","decorators":[{"__symbolic":"call","expression":{"__symbolic":"reference","module":"@angular/core","name":"ViewChild","line":56,"character":3},"arguments":["ink",{"static":false}]}]}],"nzAffix":[{"__symbolic":"property","decorators":[{"__symbolic":"call","expression":{"__symbolic":"reference","module":"@angular/core","name":"Input","line":58,"character":3}},{"__symbolic":"call","expression":{"__symbolic":"reference","module":"ng-zorro-antd/core","name":"InputBoolean","line":58,"character":12}}]}],"nzShowInkInFixed":[{"__symbolic":"property","decorators":[{"__symbolic":"call","expression":{"__symbolic":"reference","module":"@angular/core","name":"Input","line":60,"character":3}},{"__symbolic":"call","expression":{"__symbolic":"reference","module":"ng-zorro-antd/core","name":"WithConfig","line":61,"character":3},"arguments":["anchor",false]},{"__symbolic":"call","expression":{"__symbolic":"reference","module":"ng-zorro-antd/core","name":"InputBoolean","line":62,"character":3}}]}],"nzBounds":[{"__symbolic":"property","decorators":[{"__symbolic":"call","expression":{"__symbolic":"reference","module":"@angular/core","name":"Input","line":65,"character":3}},{"__symbolic":"call","expression":{"__symbolic":"reference","module":"ng-zorro-antd/core","name":"WithConfig","line":66,"character":3},"arguments":["anchor",5]},{"__symbolic":"call","expression":{"__symbolic":"reference","module":"ng-zorro-antd/core","name":"InputNumber","line":67,"character":3}}]}],"nzOffsetTop":[{"__symbolic":"property","decorators":[{"__symbolic":"call","expression":{"__symbolic":"reference","module":"@angular/core","name":"Input","line":70,"character":3}},{"__symbolic":"call","expression":{"__symbolic":"reference","module":"ng-zorro-antd/core","name":"WithConfig","line":71,"character":3},"arguments":["anchor"]}]}],"nzTarget":[{"__symbolic":"property","decorators":[{"__symbolic":"call","expression":{"__symbolic":"reference","module":"@angular/core","name":"Input","line":85,"character":3}}]}],"nzClick":[{"__symbolic":"property","decorators":[{"__symbolic":"call","expression":{"__symbolic":"reference","module":"@angular/core","name":"Output","line":91,"character":3}}]}],"nzScroll":[{"__symbolic":"property","decorators":[{"__symbolic":"call","expression":{"__symbolic":"reference","module":"@angular/core","name":"Output","line":92,"character":3}}]}],"__ctor__":[{"__symbolic":"constructor","parameterDecorators":[null,null,[{"__symbolic":"call","expression":{"__symbolic":"reference","module":"@angular/core","name":"Inject","line":107,"character":5},"arguments":[{"__symbolic":"reference","module":"@angular/common","name":"DOCUMENT","line":107,"character":12}]}],null,null],"parameters":[{"__symbolic":"reference","module":"ng-zorro-antd/core","name":"NzConfigService","line":104,"character":28},{"__symbolic":"reference","module":"ng-zorro-antd/core","name":"NzScrollService","line":105,"character":23},{"__symbolic":"reference","name":"any"},{"__symbolic":"reference","module":"@angular/core","name":"ChangeDetectorRef","line":108,"character":17},{"__symbolic":"reference","module":"@angular/cdk/platform","name":"Platform","line":109,"character":22}]}],"registerLink":[{"__symbolic":"method"}],"unregisterLink":[{"__symbolic":"method"}],"getTarget":[{"__symbolic":"method"}],"ngAfterViewInit":[{"__symbolic":"method"}],"ngOnDestroy":[{"__symbolic":"method"}],"registerScrollEvent":[{"__symbolic":"method"}],"removeListen":[{"__symbolic":"method"}],"getOffsetTop":[{"__symbolic":"method"}],"handleScroll":[{"__symbolic":"method"}],"clearActive":[{"__symbolic":"method"}],"handleActive":[{"__symbolic":"method"}],"handleScrollTo":[{"__symbolic":"method"}]}},"NzAnchorModule":{"__symbolic":"class","decorators":[{"__symbolic":"call","expression":{"__symbolic":"reference","module":"@angular/core","name":"NgModule","line":16,"character":1},"arguments":[{"declarations":[{"__symbolic":"reference","name":"NzAnchorComponent"},{"__symbolic":"reference","name":"NzAnchorLinkComponent"}],"exports":[{"__symbolic":"reference","name":"NzAnchorComponent"},{"__symbolic":"reference","name":"NzAnchorLinkComponent"}],"imports":[{"__symbolic":"reference","module":"@angular/common","name":"CommonModule","line":19,"character":12},{"__symbolic":"reference","module":"ng-zorro-antd/affix","name":"NzAffixModule","line":19,"character":26},{"__symbolic":"reference","module":"@angular/cdk/platform","name":"PlatformModule","line":19,"character":41}],"providers":[{"__symbolic":"reference","module":"ng-zorro-antd/core","name":"SCROLL_SERVICE_PROVIDER","line":20,"character":14}]}]}],"members":{}}},"origins":{"NzAnchorLinkComponent":"./nz-anchor-link.component","NzAnchorComponent":"./nz-anchor.component","NzAnchorModule":"./nz-anchor.module"},"importAs":"ng-zorro-antd/anchor"}